decision,explanation
True," The study meets all the inclusion criteria as it involves patients with gastrointestinal or hepato-pancreato-biliary surgery, which falls under the"
False," The abstract discusses rare bacterial infectious diseases of the CNS, but it does not focus on patients with pancreatic disease that requires surgery, which is the"
False," The article is focused on palliative endoscopic treatment of pancreatico-biliary malignancies, not surgical interventions aimed at affecting the surgical outcome."
False, The article does not focus on patients with pancreatic diseases that require surgery.
False," The article does not focus on patients with pancreatic disease that requires surgery, but rather on blunt traumatic injuries of the gastrointestinal and biliary tract in"
True," The article discusses the use of multidetector CT in the assessment and staging of pancreatic adenocarcinoma, which is a disease that"
False," The article discusses imaging modalities for diagnosing and staging periampullary carcinomas, but does not focus on surgical interventions or patients with"
False," The article focuses on liver surgery, not pancreatic disease, and does not mention pancreatic disease requiring surgery."
False," The study does not focus on patients with pancreatic disease that requires surgery, but rather on rats."
False," The article is about the author's personal contributions to pancreas transplantation, which is specifically excluded due to the exclusion criteria of studies on pancreatic transplantation"
False," The article does not meet the inclusion criteria because it focuses on gastric cancer and para-aortic lymph node dissection, and does not involve pancreatic"
False," The article does not meet the inclusion criterion of focusing on patients with pancreatic disease that requires surgery, as the study involves a review of pathology files"
False," The study focuses on urological laparoscopic surgery, which does not meet the inclusion criteria of interventions aimed at affecting surgical outcome in patients"
True," The study focuses on pancreaticopleural fistulas, a complication of pancreatitis, and discusses various interventions, including endoscopic retrograde cholang"
False," The study does not involve surgical intervention, as the patient's condition is diagnosed and managed through imaging and endoscopic procedures."
True, The study meets the inclusion criteria as it involves patients with pancreatic disease that requires surgery and includes various interventions aimed at affecting the surgical outcome.
True," The article discusses treatment strategies for patients with MEN1-associated Zollinger-Ellison syndrome, a condition that requires surgery."
True," The study focuses on patients with adenocarcinoma of the head of the pancreas, a type of pancreatic disease that requires surgery."
False," The study focuses on second-line therapy in advanced pancreatic adenocarcinoma, which does not meet the inclusion criteria of requiring surgery."
True," The study focuses on patients with pancreatic cancer that requires surgery, and explores the effectiveness of S-1 treatment."
True," The article focuses on surgical indications and management of acute pancreatitis, which meets the inclusion criteria."
True," The study involves patients with acute pancreatitis that requires surgery, and the intervention (antibiotic prophylaxis) is aimed at affecting the"
False," The study does not focus on patients with pancreatic disease that requires surgery, but rather on the incidence and risk factors of false positive endoscopic ultrasound"
False," The article does not meet the inclusion criteria as it focuses on the evolution of EUS for staging cancer, assessment of pancreatic disease, and evaluation"
False," The article does not focus on patients with pancreatic disease that requires surgery, but rather on the regulation of xenogeneic porcine pancreatic is"
True," The study focuses on the surgical management of chronic pancreatitis, which meets the inclusion criteria of patients with any kind of pancreatic disease that requires surgery"
True," The article discusses the role of glutamine in catabolic disease states, including those related to pancreatic surgery, and its potential as a condition"
False," The study only includes patients with suspected neuroendocrine tumors that undergo endoscopic ultrasonography-guided fine-needle aspiration-puncture, which"
True," The study focuses on islet transplantation, which is a surgical intervention for patients with pancreatic disease, making it relevant to the inclusion criteria."
False, The article does not describe a patient with a pancreatic disease that requires surgery.
False," The study focuses on Î²-cell function and diabetes, and does not involve patients with pancreatic diseases that require surgery."
False," The article is a case report of a patient with a pancreatic disease that does not require surgery, specifically a pancreatic mucinous cystic neopl"
False, The study does not meet the inclusion criteria because it focuses on calciphylaxis in patients with end-stage renal disease and metastatic cholang
True," The study involves pancreatic cancer, which is a type of pancreatic disease that requires surgery, and the intervention (drug-eluting beads) is aimed"
True," The study focuses on early detection of pancreatic cancer, which is relevant to patients with pancreatic disease that requires surgery."
True," The study focuses on serous cystic neoplasms of the pancreas, which are a type of pancreatic disease that requires surgery."
True," The article discusses surgical treatment options for gastro-entero-pancreatic neuroendocrine tumors, which is relevant to patients with pancreatic disease requiring"
True," The article discusses the use of endoscopy in diagnosing and treating pancreatic disease, which meets the inclusion criteria of focusing on interventions aimed at"
True, The study includes patients with pancreatic disease that requires surgery (Whipple resection) and examines the effect of preoperative nutrition on surgical outcomes.
True," The study investigates a minimally invasive approach to pancreatic cyst ablation, which is relevant to patients with pancreatic disease that requires surgery."
False," The article does not meet the inclusion criteria because it is focused on gastric cancer patients undergoing surgery, not patients with pancreatic disease requiring surgery."
True, The study investigates the effect of early peritoneal lavage with ulinastatin on the outcome of a rat model of severe acute pancre
True," The study focuses on the surgical management of serous cystic neoplasms of the pancreas, which is within the inclusion criteria of"
True," The study meets the inclusion criteria as it involves patients with pancreatic disease that requires surgery, and it examines the use of fibrin sealants as"
True," The article focuses on necrotizing pancreatitis, a condition that requires surgery, and reviews various interventions aimed at improving surgical outcomes."
False," The article focuses on upper gastrointestinal cancer and robotic surgery, which does not meet the inclusion criteria of patients with pancreatic disease that requires surgery."
True," The study examines the factors associated with and consequences of open conversion after laparoscopic distal pancreatectomy in patients with pancreatic tumors,"
True, This paper meets all inclusion criteria as it deals with patients with pancreatic disease that requires surgery and addresses interventions aimed at affecting the surgical outcome.
False," The article does not meet the inclusion criteria because it is about Wernicke's encephalopathy, a condition related to thiam"
True," The study includes patients with severe acute pancreatitis, a condition that requires surgery, and investigates the effect of emodin on alleviating intestinal"
False," The article is about pancreatic steatosis in the context of transplantation, which falls outside the inclusion criteria of patients with pancreatic disease requiring surgery."
False," The study does not involve patients with pancreatic disease that requires surgery, as it focuses on periampullary tumors, which do not necessarily require"
False," The article is about the role of receptor tyrosine kinases in insulin secretion, which is not related to patients with pancreatic disease that requires"
False," The article is about the use of Lumen-apposing metal stents for endoscopic ultrasonography-guided interventions, which does not focus"
True," The article discusses the potential of machine perfusion to increase the donor pool for pancreas transplantation, which is a relevant topic for patients with pancreatic"
True, The study meets all inclusion criteria as it involves patients with a pancreatic disease (walled-off pancreatic necrosis) that requires surgery (nec
True," The study involves patients with pancreatic ductal adenocarcinoma who undergo surgical resection, which meets the inclusion criteria."
False," The article is about pituitary adenomas in the setting of multiple endocrine neoplasia type 1, not about pancreatic disease"
False," The article does not meet the inclusion criteria because it is about a cardiac neuroendocrine tumor, not a pancreatic disease that requires surgery."
False," The article does not focus on patients with pancreatic diseases that require surgery, but rather on pancreatic ductal adenocarcinoma (PDAC"
True," The study focuses on pancreatic ductal adenocarcinoma (PDAC) and the potential of immunotherapy, which is a type of"
True," The article discusses various types of pancreatic disease, including those that require surgery, and their management strategies."
True," The article discusses the management of pancreatic cancer, specifically pancreatic ductal adenocarcinoma, which requires surgery, and explores the potential of"
True," The article focuses on pancreatic and islet cell transplantation for type 1 diabetes mellitus, which is a surgical intervention aimed at improving the quality"
False," The article does not focus on patients with pancreatic diseases that require surgery, which is a requirement for inclusion."
True," The study focuses on liver transplantation for patients with gastroenteropancreatic neuroendocrine tumors with liver metastasis, which meets the inclusion"
True," This study includes patients with pancreatic ductal adenocarcinoma who underwent surgery following neoadjuvant FOLFIRINOX, which"
False," The study focuses on a review of prediction models for postoperative pancreatic fistula and pancreatitis after surgical resection, which does not match the"
False," The study focuses on preoperative treatments for borderline resectable and locally advanced pancreatic cancer, which does not meet the inclusion criteria of requiring surgery"
True, This study meets the inclusion criteria as it involves patients with pancreatic disease that requires surgery (Whipple procedure).
True," The article discusses living related donor pancreas and pancreas-kidney transplantation, which falls within the inclusion criteria of patients with pancreatic diseases that"
True," The study involves patients with pancreatic disease requiring surgery, specifically pancreaticoduodenectomy, and examines the effect of somatostatin on post-operative"
True, The study meets all the inclusion criteria as it involves patients with pancreatic disease that requires surgery (pancreaticoduodenectomy) and examines the
True," The study focuses on patients with potentially resectable pancreatic cancer, which requires surgery, and investigates a neoadjuvant regimen aimed at improving"
False," The abstract does not relate to pancreatic disease or surgery, but rather to the application of patch-clamp principles to detect macromolecular translocation"
True," The study meets all the inclusion criteria, as it involves patients with pancreatic disease that requires surgery, and the intervention is aimed at affecting the surgical"
True," The article meets the inclusion criteria as it focuses on the surgical management of severe acute pancreatitis, a condition that requires surgery."
False," The study is focused on laryngeal carcinoma, not pancreatic disease."
True," The study focuses on patients with resected pancreatic adenocarcinoma, which requires surgery, and examines the impact of adjuvant"
False," The article does not meet the inclusion criteria as it focuses on patients with renal cell carcinoma and gallbladder metastasis, rather than patients with"
False," The study only examined readmissions after pancreatic resection, which is a surgical intervention, but did not include patients with pancreatic diseases that do not"
True," The study involves patients with pancreatic neuroendocrine tumors that require surgery, and it examines the diagnostic performance of EUS-FNA in this context"
True," The study focuses on the diagnostic validity of CA19-9 and CA242 in pancreatic cancer, which is relevant to the inclusion criteria of patients"
False," The study focuses on the prevalence of asymptomatic pancreatic cysts in the general population, not on patients with pancreatic disease that requires surgery."
True, The study meets the inclusion criteria as it involves patients with pancreatic cancer that requires surgery and examines the effect of diabetes on survival in these patients.
True," The study involves patients with distal bile duct cancer, which is a type of pancreatic disease that requires surgery."
False," The study focuses on perihilar cholangiocarcinoma, a type of pancreatic disease that does not require surgery, and involves abl"
False," The article focuses on the management of diabetes secondary to chronic pancreatitis, but does not address surgical interventions or outcomes, and is therefore not relevant"
True,"<The study includes patients with pancreatic cancer that requires surgery, and investigates the prognostic value of a biomarker in relation to surgical outcome,"
False, The study focuses on predicting malignancy in patients with branch duct type intraductal papillary mucinous neoplasms of the pancre
False," The article is about metastases from renal cell carcinoma to the pancreas, not about pancreatic disease requiring surgery."
True," The study involves patients with pancreatic ductal adenocarcinoma who require surgery, and it examines the outcomes of a specific surgical strategy."
True," The article is a review of traditional Chinese medicine as potential treatments for pancreatic cancer, which meets the inclusion criteria."
True, The study meets the inclusion criteria as it focuses on patients with pancreatic diseases that require surgery.
True," The study focuses on the surgical management of pancreatic pseudocyst in children, which meets the inclusion criteria of patients with pancreatic disease that requires surgery"
True," The study focuses on patients undergoing laparoscopic gastrectomy for gastric cancer, which involves surgery and is relevant to the inclusion criteria."
False," The article is not relevant to patients with pancreatic diseases that do not require surgery, which is the exclusion criterion."
False," The study focuses on liver transplantation, not pancreatic disease or surgery."
True, The article describes a case of pancreatic surgery for a patient with SMARCB1/INI1-deficient undifferentiated rhabdoid
False, The study does not focus on patients with pancreatic diseases that require surgery.
