include,title,abstract,doi,pmid,openalex_id
False,,,https://doi.org/10.7326/0003-4819-130-5-199903020-00002,https://pubmed.ncbi.nlm.nih.gov/10068412,https://openalex.org/W1981978041
True,,,https://doi.org/10.1053/euhj.1998.1311,https://pubmed.ncbi.nlm.nih.gov/10082152,https://openalex.org/W1990802756
False,,,,https://pubmed.ncbi.nlm.nih.gov/10085698,https://openalex.org/W2467368005
True,,,https://doi.org/10.2337/diacare.22.3.463,https://pubmed.ncbi.nlm.nih.gov/10097930,https://openalex.org/W2127119840
False,,,,https://pubmed.ncbi.nlm.nih.gov/10178657,
False,,,https://doi.org/10.2165/00019053-199813040-00007,https://pubmed.ncbi.nlm.nih.gov/10178668,https://openalex.org/W2040971139
False,,,https://doi.org/10.2165/00003495-199957030-00014,https://pubmed.ncbi.nlm.nih.gov/10193691,https://openalex.org/W2051006205
True,,,https://doi.org/10.1001/jama.281.13.1203,https://pubmed.ncbi.nlm.nih.gov/10199430,https://openalex.org/W2113628803
False,,,https://doi.org/10.1053/euhj.1998.1242,https://pubmed.ncbi.nlm.nih.gov/10213347,https://openalex.org/W2162891101
False,,,https://doi.org/10.1046/j.1464-5491.1999.00025.x,https://pubmed.ncbi.nlm.nih.gov/10229308,https://openalex.org/W2467311283
True,,,https://doi.org/10.2337/diacare.22.5.789,https://pubmed.ncbi.nlm.nih.gov/10332683,https://openalex.org/W1988474859
True,,,https://doi.org/10.2337/diacare.22.1.119,https://pubmed.ncbi.nlm.nih.gov/10333912,https://openalex.org/W2043316108
False,,,https://doi.org/10.2337/diacare.22.2.233,https://pubmed.ncbi.nlm.nih.gov/10333939,https://openalex.org/W2090824142
False,,,https://doi.org/10.2337/diacare.22.2.357,https://pubmed.ncbi.nlm.nih.gov/10333958,https://openalex.org/W2045656363
False,,,https://doi.org/10.1055/s-0031-1300423,https://pubmed.ncbi.nlm.nih.gov/10337452,https://openalex.org/W2037854924
True,,,https://doi.org/10.1001/jama.281.21.2005,https://pubmed.ncbi.nlm.nih.gov/10359389,https://openalex.org/W1975588287
False,,,https://doi.org/10.3143/geriatrics.36.122,https://pubmed.ncbi.nlm.nih.gov/10363530,https://openalex.org/W2035261592
False,,,https://doi.org/10.2337/diacare.22.6.908,https://pubmed.ncbi.nlm.nih.gov/10372240,https://openalex.org/W1999236387
True,,,https://doi.org/10.1007/s002280050613,https://pubmed.ncbi.nlm.nih.gov/10379630,https://openalex.org/W2040754013
True,,,https://doi.org/10.2337/diacare.22.7.1125,https://pubmed.ncbi.nlm.nih.gov/10388978,https://openalex.org/W4253271202
False,,,https://doi.org/10.2165/00003495-199957060-00007,https://pubmed.ncbi.nlm.nih.gov/10400405,https://openalex.org/W3190844582
False,,,https://doi.org/10.1161/01.hyp.34.1.83,https://pubmed.ncbi.nlm.nih.gov/10406828,https://openalex.org/W2114510502
False,,,https://doi.org/10.1054/mehy.1997.0682,https://pubmed.ncbi.nlm.nih.gov/10416947,https://openalex.org/W2079348671
False,,,https://doi.org/10.1016/s0002-8703(99)70121-3,https://pubmed.ncbi.nlm.nih.gov/10426848,https://openalex.org/W1973454713
False,,,https://doi.org/10.2165/00003088-199936060-00002,https://pubmed.ncbi.nlm.nih.gov/10427465,https://openalex.org/W2071342642
False,,,https://doi.org/10.1093/clinchem/45.8.1339,https://pubmed.ncbi.nlm.nih.gov/10430816,https://openalex.org/W2121202645
True,,,https://doi.org/10.1007/s005920050146,https://pubmed.ncbi.nlm.nih.gov/10436254,https://openalex.org/W2090001313
False,,,https://doi.org/10.1007/s005920050151,https://pubmed.ncbi.nlm.nih.gov/10436259,https://openalex.org/W2042182322
True,,,https://doi.org/10.1046/j.1464-5491.1999.00110.x,https://pubmed.ncbi.nlm.nih.gov/10445835,https://openalex.org/W2035926403
True,,,,https://pubmed.ncbi.nlm.nih.gov/10454950,
False,,,,https://pubmed.ncbi.nlm.nih.gov/10465860,https://openalex.org/W188838531
False,,,,https://pubmed.ncbi.nlm.nih.gov/10466661,https://openalex.org/W4300535524
False,,,https://doi.org/10.1007/bf03399659,https://pubmed.ncbi.nlm.nih.gov/10476312,https://openalex.org/W2406857988
False,,,https://doi.org/10.2337/diacare.22.8.1262,https://pubmed.ncbi.nlm.nih.gov/10480768,https://openalex.org/W2043852083
False,,,,https://pubmed.ncbi.nlm.nih.gov/10483287,https://openalex.org/W2417538082
False,,,https://doi.org/10.1016/s0006-2952(99)00219-1,https://pubmed.ncbi.nlm.nih.gov/10487540,https://openalex.org/W2051404033
False,,,https://doi.org/10.1172/jci7231,https://pubmed.ncbi.nlm.nih.gov/10491414,https://openalex.org/W2077149049
False,,,https://doi.org/10.2165/00003088-199937020-00001,https://pubmed.ncbi.nlm.nih.gov/10496299,https://openalex.org/W1963517446
False,,,https://doi.org/10.1007/s002280050667,https://pubmed.ncbi.nlm.nih.gov/10501822,https://openalex.org/W2064954514
False,,,https://doi.org/10.1046/j.1365-2125.1999.00030.x,https://pubmed.ncbi.nlm.nih.gov/10510156,https://openalex.org/W1586241840
False,,,https://doi.org/10.1007/bf02944293,https://pubmed.ncbi.nlm.nih.gov/10520444,https://openalex.org/W2048292889
False,,,https://doi.org/10.2337/diacare.22.10.1647,https://pubmed.ncbi.nlm.nih.gov/10526729,https://openalex.org/W2158134896
False,,,https://doi.org/10.1177/204748739900600512,https://pubmed.ncbi.nlm.nih.gov/10534139,https://openalex.org/W1873924216
False,,,https://doi.org/10.1046/j.1464-5491.1999.00170.x,https://pubmed.ncbi.nlm.nih.gov/10547208,https://openalex.org/W2130000595
False,,,https://doi.org/10.1046/j.1464-5491.1999.00171.x,https://pubmed.ncbi.nlm.nih.gov/10547209,https://openalex.org/W2078984100
False,,,,https://pubmed.ncbi.nlm.nih.gov/10558125,https://openalex.org/W2398443498
False,,,,https://pubmed.ncbi.nlm.nih.gov/10566126,https://openalex.org/W132520489
False,,,https://doi.org/10.1016/s0149-2918(99)80049-6,https://pubmed.ncbi.nlm.nih.gov/10566566,https://openalex.org/W2093981439
False,,,https://doi.org/10.2165/00003495-199958001-00014,https://pubmed.ncbi.nlm.nih.gov/10576528,https://openalex.org/W1985941324
False,,,https://doi.org/10.2337/diacare.22.12.2037,https://pubmed.ncbi.nlm.nih.gov/10587839,https://openalex.org/W2047948602
False,,,https://doi.org/10.1016/s0300-2977(99)00068-6,https://pubmed.ncbi.nlm.nih.gov/10593133,https://openalex.org/W2147616425
False,,,https://doi.org/10.1046/j.1365-2125.1999.00097.x,https://pubmed.ncbi.nlm.nih.gov/10594485,https://openalex.org/W1622416307
False,,,,https://pubmed.ncbi.nlm.nih.gov/10605995,https://openalex.org/W24538750
False,,,https://doi.org/10.1080/21548331.1999.11443957,https://pubmed.ncbi.nlm.nih.gov/10611897,https://openalex.org/W2315923336
True,,,https://doi.org/10.1177/00912700022008694,https://pubmed.ncbi.nlm.nih.gov/10631622,https://openalex.org/W2158768965
False,,,https://doi.org/10.2165/00002512-199915060-00007,https://pubmed.ncbi.nlm.nih.gov/10641958,https://openalex.org/W2022796086
False,,,,https://pubmed.ncbi.nlm.nih.gov/10643211,https://openalex.org/W2196820307
True,,,https://doi.org/10.1007/s002280050004,https://pubmed.ncbi.nlm.nih.gov/10663449,https://openalex.org/W2112036649
True,,,https://doi.org/10.1177/00912700022008793,https://pubmed.ncbi.nlm.nih.gov/10664920,https://openalex.org/W2038071902
False,,,https://doi.org/10.1016/s0149-2918(00)87983-7,https://pubmed.ncbi.nlm.nih.gov/10688395,https://openalex.org/W2105964383
False,,,https://doi.org/10.1046/j.1464-5491.2000.00224.x,https://pubmed.ncbi.nlm.nih.gov/10691158,https://openalex.org/W2169421904
True,,,https://doi.org/10.1046/j.1365-2125.2000.00162.x,https://pubmed.ncbi.nlm.nih.gov/10718777,https://openalex.org/W1516390496
False,,,,https://pubmed.ncbi.nlm.nih.gov/10746009,https://openalex.org/W2411187505
True,,,https://doi.org/10.1016/s0002-9629(15)40712-8,https://pubmed.ncbi.nlm.nih.gov/10746824,https://openalex.org/W2014151283
False,,,https://doi.org/10.2165/00003495-200059030-00012,https://pubmed.ncbi.nlm.nih.gov/10776834,https://openalex.org/W2067338816
True,,,https://doi.org/10.1046/j.1464-5491.2000.00256.x,https://pubmed.ncbi.nlm.nih.gov/10784228,https://openalex.org/W1979628859
True,,,https://doi.org/10.1177/00912700022009161,https://pubmed.ncbi.nlm.nih.gov/10806608,https://openalex.org/W2043184075
False,,,https://doi.org/10.1177/204748739900600607,https://pubmed.ncbi.nlm.nih.gov/10817086,https://openalex.org/W2282216811
True,,,https://doi.org/10.1136/bmj.320.7246.1373,https://pubmed.ncbi.nlm.nih.gov/10818026,https://openalex.org/W1976787772
False,,,https://doi.org/10.1007/s001250051323,https://pubmed.ncbi.nlm.nih.gov/10819233,https://openalex.org/W2031704968
False,,,https://doi.org/10.2165/00126839-199902020-00001,https://pubmed.ncbi.nlm.nih.gov/10820647,https://openalex.org/W2046056662
False,,,,https://pubmed.ncbi.nlm.nih.gov/10823010,https://openalex.org/W2413453284
True,,,https://doi.org/10.2337/diacare.23.5.675,https://pubmed.ncbi.nlm.nih.gov/10834429,https://openalex.org/W2138283946
True,,,https://doi.org/10.2337/diacare.23.4.518,https://pubmed.ncbi.nlm.nih.gov/10857945,https://openalex.org/W1964418709
True,,,https://doi.org/10.2337/diacare.23.1.1,https://pubmed.ncbi.nlm.nih.gov/10857959,https://openalex.org/W1981107426
True,,,https://doi.org/10.2337/diacare.23.2.202,https://pubmed.ncbi.nlm.nih.gov/10868832,https://openalex.org/W2170502600
True,,,https://doi.org/10.2337/diacare.23.3.349,https://pubmed.ncbi.nlm.nih.gov/10868864,https://openalex.org/W2027016841
True,,,https://doi.org/10.1007/s002280050730,https://pubmed.ncbi.nlm.nih.gov/10877006,https://openalex.org/W2033646716
True,,,https://doi.org/10.1002/clc.4960230713,https://pubmed.ncbi.nlm.nih.gov/10894443,https://openalex.org/W2054079638
False,,,https://doi.org/10.2337/diacare.23.7.979,https://pubmed.ncbi.nlm.nih.gov/10895850,https://openalex.org/W1993034883
False,,,https://doi.org/10.2337/diabetes.49.5.782,https://pubmed.ncbi.nlm.nih.gov/10905487,https://openalex.org/W2031885427
False,,,,https://pubmed.ncbi.nlm.nih.gov/10907625,https://openalex.org/W2401881665
True,,,https://doi.org/10.2165/00003495-200060010-00006,https://pubmed.ncbi.nlm.nih.gov/10929931,https://openalex.org/W2018194304
False,,,,https://pubmed.ncbi.nlm.nih.gov/10934787,
False,,,https://doi.org/10.2337/diacare.23.8.1130,https://pubmed.ncbi.nlm.nih.gov/10937510,https://openalex.org/W2013339698
False,,,https://doi.org/10.2337/diacare.23.8.1199,https://pubmed.ncbi.nlm.nih.gov/10937524,https://openalex.org/W2004387358
False,,,https://doi.org/10.2337/diabetes.49.9.1608,https://pubmed.ncbi.nlm.nih.gov/10969849,https://openalex.org/W2097739553
True,,,https://doi.org/10.1046/j.1464-5491.2000.00314.x,https://pubmed.ncbi.nlm.nih.gov/10972579,https://openalex.org/W2150312049
False,,,,https://pubmed.ncbi.nlm.nih.gov/10975046,https://openalex.org/W161548532
True,,,https://doi.org/10.2337/diacare.23.9.1236,https://pubmed.ncbi.nlm.nih.gov/10977012,https://openalex.org/W2023604660
False,,,https://doi.org/10.2165/00003495-200060020-00009,https://pubmed.ncbi.nlm.nih.gov/10983737,https://openalex.org/W3192686273
False,,,,https://pubmed.ncbi.nlm.nih.gov/11019600,https://openalex.org/W2398719108
False,,,https://doi.org/10.2337/diacare.23.10.1461,https://pubmed.ncbi.nlm.nih.gov/11023137,https://openalex.org/W1967887315
True,,,https://doi.org/10.2165/00003495-200060030-00007,https://pubmed.ncbi.nlm.nih.gov/11030470,https://openalex.org/W3190644818
False,,,https://doi.org/10.1254/fpj.116.171,https://pubmed.ncbi.nlm.nih.gov/11031747,https://openalex.org/W2015992806
True,,,https://doi.org/10.1056/nejm200010193431601,https://pubmed.ncbi.nlm.nih.gov/11036118,https://openalex.org/W2326851691
True,,,https://doi.org/10.1056/nejm200010193431608,https://pubmed.ncbi.nlm.nih.gov/11036125,https://openalex.org/W2034108829
True,,,https://doi.org/10.1517/13543784.9.4.885,https://pubmed.ncbi.nlm.nih.gov/11060717,https://openalex.org/W2138804577
False,,,https://doi.org/10.1517/13543784.9.6.1347,https://pubmed.ncbi.nlm.nih.gov/11060747,https://openalex.org/W2061146365
False,,,,https://pubmed.ncbi.nlm.nih.gov/11070748,https://openalex.org/W2403610518
True,,,https://doi.org/10.2337/diacare.23.11.1660,https://pubmed.ncbi.nlm.nih.gov/11092289,https://openalex.org/W2036731511
False,,,,https://pubmed.ncbi.nlm.nih.gov/11116534,https://openalex.org/W2245981351
True,,,https://doi.org/10.2165/00003495-200060050-00001,https://pubmed.ncbi.nlm.nih.gov/11129129,https://openalex.org/W78898943
True,,,https://doi.org/10.1016/s0733-8627(05)70156-5,https://pubmed.ncbi.nlm.nih.gov/11130936,https://openalex.org/W1965420891
True,,,https://doi.org/10.1046/j.1365-2125.2000.00295.x,https://pubmed.ncbi.nlm.nih.gov/11136298,https://openalex.org/W1597998832
True,,,https://doi.org/10.1046/j.1464-5491.2001.00395.x,https://pubmed.ncbi.nlm.nih.gov/11168335,https://openalex.org/W2146975696
False,,,https://doi.org/10.1177/009127000004001222,https://pubmed.ncbi.nlm.nih.gov/11185672,https://openalex.org/W2122289372
True,,,https://doi.org/10.2337/diacare.24.1.11,https://pubmed.ncbi.nlm.nih.gov/11194214,https://openalex.org/W2118629010
False,,,https://doi.org/10.2337/diacare.24.1.5,https://pubmed.ncbi.nlm.nih.gov/11194240,https://openalex.org/W2086170960
True,,,https://doi.org/10.2337/diacare.24.1.73,https://pubmed.ncbi.nlm.nih.gov/11194245,https://openalex.org/W2159654541
True,,,https://doi.org/10.2165/00002512-200017060-00004,https://pubmed.ncbi.nlm.nih.gov/11200307,https://openalex.org/W1993071511
True,,,https://doi.org/10.1507/endocrj.47.639,https://pubmed.ncbi.nlm.nih.gov/11200947,https://openalex.org/W1988864220
True,,,https://doi.org/10.1007/s002280000214,https://pubmed.ncbi.nlm.nih.gov/11214781,https://openalex.org/W2070344632
False,,,https://doi.org/10.1046/j.1463-1326.2000.00054.x,https://pubmed.ncbi.nlm.nih.gov/11220549,https://openalex.org/W2156462071
True,,,https://doi.org/10.1093/ajhp/58.4.285,https://pubmed.ncbi.nlm.nih.gov/11225164,https://openalex.org/W2417301005
False,,,https://doi.org/10.1046/j.1463-1326.2000.00073.x,https://pubmed.ncbi.nlm.nih.gov/11225747,https://openalex.org/W2085589411
False,,,https://doi.org/10.1046/j.1463-1326.1999.00034.x,https://pubmed.ncbi.nlm.nih.gov/11228758,https://openalex.org/W2060518308
True,,,https://doi.org/10.2165/00002512-200118010-00003,https://pubmed.ncbi.nlm.nih.gov/11232737,https://openalex.org/W63541796
False,,,https://doi.org/10.1016/s0188-4409(00)00241-1,https://pubmed.ncbi.nlm.nih.gov/11257323,https://openalex.org/W2046159055
False,,,,https://pubmed.ncbi.nlm.nih.gov/11273476,https://openalex.org/W2415490967
False,,,https://doi.org/10.1007/s005920070017,https://pubmed.ncbi.nlm.nih.gov/11277315,https://openalex.org/W2010576859
False,,,https://doi.org/10.2337/diacare.24.3.472,https://pubmed.ncbi.nlm.nih.gov/11289470,https://openalex.org/W2099424987
False,,,https://doi.org/10.2337/diacare.24.3.555,https://pubmed.ncbi.nlm.nih.gov/11289484,https://openalex.org/W2052652736
False,,,https://doi.org/10.1177/009127009803801204,https://pubmed.ncbi.nlm.nih.gov/11301562,https://openalex.org/W2130703044
True,,,https://doi.org/10.1080/003655201750074654,https://pubmed.ncbi.nlm.nih.gov/11305519,https://openalex.org/W2106707298
False,,,https://doi.org/10.2337/diacare.24.4.738,https://pubmed.ncbi.nlm.nih.gov/11315840,https://openalex.org/W2095567616
True,,,https://doi.org/10.2337/diacare.24.4.758,https://pubmed.ncbi.nlm.nih.gov/11315844,https://openalex.org/W2148717983
False,,,https://doi.org/10.2337/diacare.24.4.775,https://pubmed.ncbi.nlm.nih.gov/11315848,https://openalex.org/W4213149640
False,,,https://doi.org/10.1517/14656566.2.4.699,https://pubmed.ncbi.nlm.nih.gov/11336617,https://openalex.org/W2099466477
False,,,,https://pubmed.ncbi.nlm.nih.gov/11353879,https://openalex.org/W1586183545
True,,,https://doi.org/10.2337/diacare.24.6.983,https://pubmed.ncbi.nlm.nih.gov/11375357,https://openalex.org/W1994361841
False,,,,https://pubmed.ncbi.nlm.nih.gov/11376359,https://openalex.org/W1739919717
True,,,https://doi.org/10.1016/s0149-2918(01)80017-5,https://pubmed.ncbi.nlm.nih.gov/11394726,https://openalex.org/W2046224702
False,,,https://doi.org/10.1177/00912700122010483,https://pubmed.ncbi.nlm.nih.gov/11402628,https://openalex.org/W2045016419
False,,,https://doi.org/10.1016/s0140-6736(00)04960-6,https://pubmed.ncbi.nlm.nih.gov/11410214,https://openalex.org/W2124084557
False,,,https://doi.org/10.4158/ep.7.2.135,https://pubmed.ncbi.nlm.nih.gov/11421558,https://openalex.org/W2080153104
True,,,https://doi.org/10.2337/diacare.24.7.1221,https://pubmed.ncbi.nlm.nih.gov/11423506,https://openalex.org/W2117255195
False,,,https://doi.org/10.1016/s0002-9343(01)00713-6,https://pubmed.ncbi.nlm.nih.gov/11448655,https://openalex.org/W2023447984
True,,,https://doi.org/10.1093/ajhp/58.13.1200,https://pubmed.ncbi.nlm.nih.gov/11449877,https://openalex.org/W4234855498
False,,,https://doi.org/10.1007/s005920070006,https://pubmed.ncbi.nlm.nih.gov/11450504,https://openalex.org/W2086006962
False,,,https://doi.org/10.1002/clc.4960240210,https://pubmed.ncbi.nlm.nih.gov/11460818,https://openalex.org/W2004657369
False,,,https://doi.org/10.1089/15209150050194279,https://pubmed.ncbi.nlm.nih.gov/11467343,https://openalex.org/W2175479903
True,,,https://doi.org/10.1046/j.1464-5491.2001.00490.x,https://pubmed.ncbi.nlm.nih.gov/11472451,https://openalex.org/W2132308332
True,,,https://doi.org/10.2337/diabetes.50.8.1778,https://pubmed.ncbi.nlm.nih.gov/11473038,https://openalex.org/W2116253955
True,,,https://doi.org/10.2337/diacare.24.8.1411,https://pubmed.ncbi.nlm.nih.gov/11473078,https://openalex.org/W2169735327
False,,,,https://pubmed.ncbi.nlm.nih.gov/11475233,https://openalex.org/W2411776094
True,,,https://doi.org/10.1089/152091599317143,https://pubmed.ncbi.nlm.nih.gov/11475269,https://openalex.org/W1969061933
False,,,,https://pubmed.ncbi.nlm.nih.gov/11496727,https://openalex.org/W169739665
False,,,https://doi.org/10.1046/j.1463-1326.2001.00110.x,https://pubmed.ncbi.nlm.nih.gov/11520304,https://openalex.org/W1983809431
False,,,,https://pubmed.ncbi.nlm.nih.gov/11525087,https://openalex.org/W2417003911
False,,,https://doi.org/10.1046/j.1445-5994.2001.00072.x,https://pubmed.ncbi.nlm.nih.gov/11529585,https://openalex.org/W2150407995
False,,,https://doi.org/10.4321/s0212-71992001000700010,https://pubmed.ncbi.nlm.nih.gov/11534426,https://openalex.org/W2032661550
False,,,,https://pubmed.ncbi.nlm.nih.gov/11547217,https://openalex.org/W277842572
False,,,https://doi.org/10.1046/j.1464-5491.2001.00522.x,https://pubmed.ncbi.nlm.nih.gov/11553186,https://openalex.org/W1996687073
True,,,https://doi.org/10.1046/j.1464-5491.2001.00534.x,https://pubmed.ncbi.nlm.nih.gov/11553190,https://openalex.org/W2049927786
False,,,https://doi.org/10.1592/phco.21.13.1082.34615,https://pubmed.ncbi.nlm.nih.gov/11560198,https://openalex.org/W2111938066
True,,,https://doi.org/10.1177/00912709922007606,https://pubmed.ncbi.nlm.nih.gov/11563410,https://openalex.org/W2009455605
False,,,,https://pubmed.ncbi.nlm.nih.gov/11569941,https://openalex.org/W2465333128
True,,,https://doi.org/10.2337/diacare.24.10.1706,https://pubmed.ncbi.nlm.nih.gov/11574430,https://openalex.org/W2082563297
False,,,https://doi.org/10.2337/diacare.24.10.1734,https://pubmed.ncbi.nlm.nih.gov/11574434,https://openalex.org/W2170897377
True,,,https://doi.org/10.2165/00003495-200161110-00008,https://pubmed.ncbi.nlm.nih.gov/11577798,https://openalex.org/W2027974633
True,,,https://doi.org/10.1517/14656566.2.6.1027,https://pubmed.ncbi.nlm.nih.gov/11585005,https://openalex.org/W2104235401
True,,,https://doi.org/10.1046/j.1464-5491.2001.00538.x,https://pubmed.ncbi.nlm.nih.gov/11678967,https://openalex.org/W2022069451
True,,,https://doi.org/10.1046/j.1464-5491.2001.00582.x,https://pubmed.ncbi.nlm.nih.gov/11678974,https://openalex.org/W2138470202
True,,,https://doi.org/10.2337/diacare.24.11.1957,https://pubmed.ncbi.nlm.nih.gov/11679464,https://openalex.org/W1983356415
False,,,https://doi.org/10.1007/s001250100651,https://pubmed.ncbi.nlm.nih.gov/11692183,https://openalex.org/W2065354183
False,,,,https://pubmed.ncbi.nlm.nih.gov/11715152,https://openalex.org/W2408724544
False,,,https://doi.org/10.1007/bf03343914,https://pubmed.ncbi.nlm.nih.gov/11716156,https://openalex.org/W2009857406
False,,,https://doi.org/10.1345/aph.10399,https://pubmed.ncbi.nlm.nih.gov/11724081,https://openalex.org/W2142987171
True,,,https://doi.org/10.1345/aph.1a061,https://pubmed.ncbi.nlm.nih.gov/11724096,https://openalex.org/W2127429233
False,,,https://doi.org/10.1016/s0149-2918(01)80140-5,https://pubmed.ncbi.nlm.nih.gov/11726007,https://openalex.org/W2104740506
True,,,https://doi.org/10.1016/s0140-6736(01)06715-0,https://pubmed.ncbi.nlm.nih.gov/11728565,https://openalex.org/W2110544725
True,,,https://doi.org/10.2165/00003495-200161140-00011,https://pubmed.ncbi.nlm.nih.gov/11735640,https://openalex.org/W2008615649
False,,,https://doi.org/10.2165/00002018-200124120-00002,https://pubmed.ncbi.nlm.nih.gov/11735645,https://openalex.org/W120815510
False,,,https://doi.org/10.1136/heart.87.1.54,https://pubmed.ncbi.nlm.nih.gov/11751665,https://openalex.org/W2136464574
False,,,,https://pubmed.ncbi.nlm.nih.gov/11763159,https://openalex.org/W175013378
False,,,,https://pubmed.ncbi.nlm.nih.gov/11763160,https://openalex.org/W4300613943
False,,,https://doi.org/10.2337/diacare.25.1.213,https://pubmed.ncbi.nlm.nih.gov/11772918,https://openalex.org/W4229863678
False,,,https://doi.org/10.1001/jama.287.3.360,https://pubmed.ncbi.nlm.nih.gov/11790216,https://openalex.org/W2069150029
False,,,https://doi.org/10.1001/jama.287.3.373,https://pubmed.ncbi.nlm.nih.gov/11790217,https://openalex.org/W1988203022
False,,,,https://pubmed.ncbi.nlm.nih.gov/11800292,https://openalex.org/W95788833
False,,,https://doi.org/10.2337/diacare.25.2.330,https://pubmed.ncbi.nlm.nih.gov/11815505,https://openalex.org/W1996441843
True,,,https://doi.org/10.2337/diacare.25.2.342,https://pubmed.ncbi.nlm.nih.gov/11815507,https://openalex.org/W2152759529
False,,,,https://pubmed.ncbi.nlm.nih.gov/11824428,https://openalex.org/W4300802408
False,,,https://doi.org/10.1016/s0149-2918(02)85006-8,https://pubmed.ncbi.nlm.nih.gov/11833837,https://openalex.org/W2147986782
False,,,,https://pubmed.ncbi.nlm.nih.gov/11837468,https://openalex.org/W89184296
False,,,https://doi.org/10.1023/a:1013611617787,https://pubmed.ncbi.nlm.nih.gov/11837705,https://openalex.org/W27918916
False,,,https://doi.org/10.2174/0929867023371427,https://pubmed.ncbi.nlm.nih.gov/11860348,https://openalex.org/W2105654121
False,,,https://doi.org/10.1042/cs1020307,https://pubmed.ncbi.nlm.nih.gov/11869171,https://openalex.org/W2059818469
False,,,https://doi.org/10.2337/diabetes.51.3.808,https://pubmed.ncbi.nlm.nih.gov/11872684,https://openalex.org/W2110947926
False,,,https://doi.org/10.1046/j.1464-5491.2002.00663.x,https://pubmed.ncbi.nlm.nih.gov/11874430,https://openalex.org/W1501298608
False,,,,https://pubmed.ncbi.nlm.nih.gov/11875249,https://openalex.org/W1528156951
False,,,,https://pubmed.ncbi.nlm.nih.gov/11884761,https://openalex.org/W2111666151
False,,,https://doi.org/10.1007/s12019-002-0042-8,https://pubmed.ncbi.nlm.nih.gov/11894443,https://openalex.org/W1993252892
False,,,,https://pubmed.ncbi.nlm.nih.gov/11896745,https://openalex.org/W2161639066
False,,,https://doi.org/10.1046/j.1463-1326.2001.00152.x,https://pubmed.ncbi.nlm.nih.gov/11903411,https://openalex.org/W2065601871
False,,,https://doi.org/10.1046/j.1463-1326.2001.00153.x,https://pubmed.ncbi.nlm.nih.gov/11903412,https://openalex.org/W2025353246
False,,,https://doi.org/10.1046/j.1463-1326.2001.00166.x,https://pubmed.ncbi.nlm.nih.gov/11903417,https://openalex.org/W2077994345
False,,,https://doi.org/10.2337/diacare.25.4.658,https://pubmed.ncbi.nlm.nih.gov/11919121,https://openalex.org/W2112182833
True,,,https://doi.org/10.1177/147323000203000111,https://pubmed.ncbi.nlm.nih.gov/11921502,https://openalex.org/W2118597037
False,,,https://doi.org/10.4158/ep.8.1.5,https://pubmed.ncbi.nlm.nih.gov/11939753,https://openalex.org/W1964511936
False,,,https://doi.org/10.4158/ep.8.1.29,https://pubmed.ncbi.nlm.nih.gov/11951812,https://openalex.org/W1989219139
False,,,https://doi.org/10.1046/j.1365-2796.2002.00956.x,https://pubmed.ncbi.nlm.nih.gov/11952881,https://openalex.org/W2168315405
False,,,,https://pubmed.ncbi.nlm.nih.gov/11978249,https://openalex.org/W2402933879
False,,,https://doi.org/10.3810/pgm.2002.05.1194,https://pubmed.ncbi.nlm.nih.gov/12040862,https://openalex.org/W1603309621
False,,,https://doi.org/10.5694/j.1326-5377.2002.tb04461.x,https://pubmed.ncbi.nlm.nih.gov/12041635,https://openalex.org/W2137057476
False,,,https://doi.org/10.2174/1389450023347803,https://pubmed.ncbi.nlm.nih.gov/12041735,https://openalex.org/W1529940825
True,,,https://doi.org/10.1177/00970002042006007,https://pubmed.ncbi.nlm.nih.gov/12043953,https://openalex.org/W2055404233
True,,,https://doi.org/10.1046/j.1463-1326.2002.00196.x,https://pubmed.ncbi.nlm.nih.gov/12047396,https://openalex.org/W2032747159
False,,,https://doi.org/10.1046/j.1463-1326.2002.00211.x,https://pubmed.ncbi.nlm.nih.gov/12047399,https://openalex.org/W1995404454
False,,,,https://pubmed.ncbi.nlm.nih.gov/12071108,https://openalex.org/W2409817055
False,,,,https://pubmed.ncbi.nlm.nih.gov/12074206,https://openalex.org/W40400977
True,,,https://doi.org/10.2165/00003495-200262090-00010,https://pubmed.ncbi.nlm.nih.gov/12076188,https://openalex.org/W2053463749
False,,,https://doi.org/10.2165/00003088-200241070-00002,https://pubmed.ncbi.nlm.nih.gov/12083976,https://openalex.org/W2020010218
False,,,https://doi.org/10.1345/aph.1a422,https://pubmed.ncbi.nlm.nih.gov/12086556,https://openalex.org/W2107902273
False,,,https://doi.org/10.1016/s0006-2952(02)00996-6,https://pubmed.ncbi.nlm.nih.gov/12093468,https://openalex.org/W2026241715
False,,,https://doi.org/10.1053/sper.2002.33960,https://pubmed.ncbi.nlm.nih.gov/12099312,https://openalex.org/W2039991857
False,,,https://doi.org/10.1046/j.1464-5491.2002.00743.x,https://pubmed.ncbi.nlm.nih.gov/12099966,https://openalex.org/W2072642789
False,,,https://doi.org/10.1002/bdd.310,https://pubmed.ncbi.nlm.nih.gov/12116051,https://openalex.org/W2006920189
False,,,,https://pubmed.ncbi.nlm.nih.gov/12143325,https://openalex.org/W2417532462
False,,,https://doi.org/10.1046/j.1464-5491.2002.00774.x,https://pubmed.ncbi.nlm.nih.gov/12147149,https://openalex.org/W2151921086
False,,,https://doi.org/10.2165/00003495-200262120-00007,https://pubmed.ncbi.nlm.nih.gov/12149047,https://openalex.org/W2071326073
False,,,https://doi.org/10.2337/diacare.25.9.1529,https://pubmed.ncbi.nlm.nih.gov/12196422,https://openalex.org/W2149283639
False,,,https://doi.org/10.2337/diacare.25.9.1607,https://pubmed.ncbi.nlm.nih.gov/12196435,https://openalex.org/W2128061198
False,,,https://doi.org/10.1046/j.1464-5491.2002.00762.x,https://pubmed.ncbi.nlm.nih.gov/12207812,https://openalex.org/W2114299222
True,,,https://doi.org/10.1177/014572170102700507,https://pubmed.ncbi.nlm.nih.gov/12212016,https://openalex.org/W2110230137
False,,,https://doi.org/10.1177/014572170102700408,https://pubmed.ncbi.nlm.nih.gov/12212341,https://openalex.org/W2130864096
False,,,https://doi.org/10.2337/diacare.25.10.1685,https://pubmed.ncbi.nlm.nih.gov/12351462,https://openalex.org/W2127352898
False,,,https://doi.org/10.2337/diacare.25.10.1737,https://pubmed.ncbi.nlm.nih.gov/12351470,https://openalex.org/W2134315188
False,,,,https://pubmed.ncbi.nlm.nih.gov/12365465,https://openalex.org/W2184070395
False,,,,https://pubmed.ncbi.nlm.nih.gov/12365467,https://openalex.org/W111300407
False,,,,https://pubmed.ncbi.nlm.nih.gov/12365468,https://openalex.org/W170438156
False,,,https://doi.org/10.1016/s0149-2918(02)80044-3,https://pubmed.ncbi.nlm.nih.gov/12380632,https://openalex.org/W2164789983
False,,,https://doi.org/10.1016/s0149-2918(02)80046-7,https://pubmed.ncbi.nlm.nih.gov/12380634,https://openalex.org/W2012633033
False,,,https://doi.org/10.1097/00000441-200210000-00006,https://pubmed.ncbi.nlm.nih.gov/12385492,https://openalex.org/W1999467765
False,,,https://doi.org/10.1592/phco.22.15.1294.33476,https://pubmed.ncbi.nlm.nih.gov/12389879,https://openalex.org/W2059266698
False,,,https://doi.org/10.2165/00128072-200204110-00007,https://pubmed.ncbi.nlm.nih.gov/12390047,https://openalex.org/W1536422180
False,,,https://doi.org/10.1016/s0169-409x(02)00093-5,https://pubmed.ncbi.nlm.nih.gov/12393300,https://openalex.org/W2081092754
False,,,https://doi.org/10.2337/diacare.25.11.2058,https://pubmed.ncbi.nlm.nih.gov/12401757,https://openalex.org/W2102319947
False,,,https://doi.org/10.1046/j.1463-1326.2002.00229.x,https://pubmed.ncbi.nlm.nih.gov/12406033,https://openalex.org/W1999398484
False,,,https://doi.org/10.1177/009127002762491271,https://pubmed.ncbi.nlm.nih.gov/12412817,https://openalex.org/W2009310911
True,,,https://doi.org/10.1016/s0002-9149(02)02776-5,https://pubmed.ncbi.nlm.nih.gov/12423711,https://openalex.org/W2057842213
False,,,,https://pubmed.ncbi.nlm.nih.gov/12437315,https://openalex.org/W115503630
False,,,https://doi.org/10.1517/14656566.3.11.1557,https://pubmed.ncbi.nlm.nih.gov/12437490,https://openalex.org/W2069657814
False,,,,https://pubmed.ncbi.nlm.nih.gov/12442064,https://openalex.org/W1591966662
False,,,https://doi.org/10.2165/00003088-200241150-00004,https://pubmed.ncbi.nlm.nih.gov/12452739,https://openalex.org/W2047511891
False,,,https://doi.org/10.2337/diacare.25.12.2123,https://pubmed.ncbi.nlm.nih.gov/12453948,https://openalex.org/W2161538498
False,,,https://doi.org/10.2337/diacare.25.12.2141,https://pubmed.ncbi.nlm.nih.gov/12453951,https://openalex.org/W2154717294
False,,,,https://pubmed.ncbi.nlm.nih.gov/12461471,https://openalex.org/W2436787042
False,,,https://doi.org/10.1016/s0731-7085(02)00480-6,https://pubmed.ncbi.nlm.nih.gov/12467917,https://openalex.org/W2093394597
False,,,,https://pubmed.ncbi.nlm.nih.gov/12469695,https://openalex.org/W4302066179
False,,,https://doi.org/10.1081/jdi-120015682,https://pubmed.ncbi.nlm.nih.gov/12472202,https://openalex.org/W2113644746
False,,,,https://pubmed.ncbi.nlm.nih.gov/12473527,https://openalex.org/W2286175882
False,,,https://doi.org/10.1042/cs1040039,https://pubmed.ncbi.nlm.nih.gov/12519086,https://openalex.org/W1964487125
False,,,https://doi.org/10.1177/0091270002239702,https://pubmed.ncbi.nlm.nih.gov/12520624,https://openalex.org/W1994456278
False,,,https://doi.org/10.1177/0091270002239710,https://pubmed.ncbi.nlm.nih.gov/12520632,https://openalex.org/W1974766025
False,,,https://doi.org/10.1080/080370502321095285,https://pubmed.ncbi.nlm.nih.gov/12523675,https://openalex.org/W2086389738
False,,,https://doi.org/10.1016/s0006-3495(03)74847-4,https://pubmed.ncbi.nlm.nih.gov/12524280,https://openalex.org/W1985451719
False,,,https://doi.org/10.1046/j.1463-1326.2003.00239.x,https://pubmed.ncbi.nlm.nih.gov/12542723,https://openalex.org/W1930639259
False,,,https://doi.org/10.2337/diacare.26.2.285,https://pubmed.ncbi.nlm.nih.gov/12547850,https://openalex.org/W2159693162
True,,,https://doi.org/10.1097/01.hdx.0000050411.62103.f5,https://pubmed.ncbi.nlm.nih.gov/12549986,https://openalex.org/W2032007955
False,,,https://doi.org/10.1056/nejmoa021778,https://pubmed.ncbi.nlm.nih.gov/12556541,https://openalex.org/W2139634859
False,,,https://doi.org/10.1046/j.1532-5415.2003.51070.x,https://pubmed.ncbi.nlm.nih.gov/12558728,https://openalex.org/W1966964603
False,,,https://doi.org/10.1038/sj.jhh.1001444,https://pubmed.ncbi.nlm.nih.gov/12571611,https://openalex.org/W2007437966
False,,,https://doi.org/10.1046/j.1365-2125.2003.01751.x,https://pubmed.ncbi.nlm.nih.gov/12580986,https://openalex.org/W1492642476
False,,,https://doi.org/10.1097/00000441-200302000-00003,https://pubmed.ncbi.nlm.nih.gov/12589230,https://openalex.org/W2082917156
True,,,,https://pubmed.ncbi.nlm.nih.gov/12602406,https://openalex.org/W4300281121
False,,,https://doi.org/10.1177/039139880302600113,https://pubmed.ncbi.nlm.nih.gov/12602474,https://openalex.org/W2414394732
True,,,https://doi.org/10.2337/diacare.26.3.886,https://pubmed.ncbi.nlm.nih.gov/12610054,https://openalex.org/W1996059294
False,,,https://doi.org/10.1177/0091270002239825,https://pubmed.ncbi.nlm.nih.gov/12616669,https://openalex.org/W2056857160
True,,,https://doi.org/10.1016/s0149-2918(03)90025-7,https://pubmed.ncbi.nlm.nih.gov/12637120,https://openalex.org/W2064635494
False,,,https://doi.org/10.1007/s00125-002-1009-0,https://pubmed.ncbi.nlm.nih.gov/12637977,https://openalex.org/W2004014076
False,,,https://doi.org/10.2165/00003088-200342040-00001,https://pubmed.ncbi.nlm.nih.gov/12648023,https://openalex.org/W2097429326
False,,,https://doi.org/10.2337/diacare.26.4.1147,https://pubmed.ncbi.nlm.nih.gov/12663588,https://openalex.org/W2110534134
False,,,,https://pubmed.ncbi.nlm.nih.gov/12674170,https://openalex.org/W178805811
False,,,,https://pubmed.ncbi.nlm.nih.gov/12674176,https://openalex.org/W2441957391
False,,,https://doi.org/10.1159/000069176,https://pubmed.ncbi.nlm.nih.gov/12679603,https://openalex.org/W2078380314
False,,,,https://pubmed.ncbi.nlm.nih.gov/12685221,https://openalex.org/W1879463822
False,,,https://doi.org/10.1080/0891693021000050574,https://pubmed.ncbi.nlm.nih.gov/12685875,https://openalex.org/W1999644625
False,,,https://doi.org/10.1159/000069534,https://pubmed.ncbi.nlm.nih.gov/12711836,https://openalex.org/W1993904895
False,,,https://doi.org/10.1089/152091503763816445,https://pubmed.ncbi.nlm.nih.gov/12725705,https://openalex.org/W2070238084
True,,,https://doi.org/10.1016/s0149-2918(03)80090-5,https://pubmed.ncbi.nlm.nih.gov/12749508,https://openalex.org/W2160389935
False,,,https://doi.org/10.1345/aph.1c304,https://pubmed.ncbi.nlm.nih.gov/12773078,https://openalex.org/W2170336030
False,,,,https://pubmed.ncbi.nlm.nih.gov/12789615,https://openalex.org/W13618630
False,,,,https://pubmed.ncbi.nlm.nih.gov/12795025,https://openalex.org/W2411033941
True,,,https://doi.org/10.1023/a:1023495106160,https://pubmed.ncbi.nlm.nih.gov/12797714,https://openalex.org/W9598279
False,,,,https://pubmed.ncbi.nlm.nih.gov/12808879,https://openalex.org/W2416376001
False,,,,https://pubmed.ncbi.nlm.nih.gov/12808887,https://openalex.org/W187408858
False,,,https://doi.org/10.7326/0003-4819-138-12-200306170-00006,https://pubmed.ncbi.nlm.nih.gov/12809451,https://openalex.org/W2063423309
False,,,https://doi.org/10.1046/j.1365-2125.2003.01781.x,https://pubmed.ncbi.nlm.nih.gov/12814458,https://openalex.org/W1565615929
True,,,https://doi.org/10.1177/0091270003253704,https://pubmed.ncbi.nlm.nih.gov/12817528,https://openalex.org/W2091099367
False,,,,https://pubmed.ncbi.nlm.nih.gov/12822388,https://openalex.org/W28050928
False,,,https://doi.org/10.1089/152091503765691956,https://pubmed.ncbi.nlm.nih.gov/12828829,https://openalex.org/W1992638756
False,,,https://doi.org/10.1089/152091503765691965,https://pubmed.ncbi.nlm.nih.gov/12828830,https://openalex.org/W2223564701
True,,,https://doi.org/10.1016/s0149-2918(03)80109-1,https://pubmed.ncbi.nlm.nih.gov/12852703,https://openalex.org/W2141358021
False,,,https://doi.org/10.1016/s0149-2918(03)80112-1,https://pubmed.ncbi.nlm.nih.gov/12852706,https://openalex.org/W2146089205
False,,,https://doi.org/10.2165/00019053-200321110-00005,https://pubmed.ncbi.nlm.nih.gov/12859222,https://openalex.org/W2049679961
False,,,https://doi.org/10.2337/diacare.26.8.2370,https://pubmed.ncbi.nlm.nih.gov/12882864,https://openalex.org/W2101718966
False,,,https://doi.org/10.1592/phco.23.7.945.32721,https://pubmed.ncbi.nlm.nih.gov/12885108,https://openalex.org/W2027464997
True,,,,https://pubmed.ncbi.nlm.nih.gov/12918894,https://openalex.org/W2442976564
False,,,https://doi.org/10.5414/cnp60090,https://pubmed.ncbi.nlm.nih.gov/12940610,https://openalex.org/W2335284280
False,,,,https://pubmed.ncbi.nlm.nih.gov/12974145,https://openalex.org/W2187022835
False,,,https://doi.org/10.1016/s1262-3636(07)70044-7,https://pubmed.ncbi.nlm.nih.gov/14526261,https://openalex.org/W2007022610
False,,,https://doi.org/10.18553/jmcp.2003.9.3.256,https://pubmed.ncbi.nlm.nih.gov/14613469,https://openalex.org/W61885398
True,,,,https://pubmed.ncbi.nlm.nih.gov/7479199,https://openalex.org/W1915963975
False,,,https://doi.org/10.7326/0003-4819-123-12-199512150-00004,https://pubmed.ncbi.nlm.nih.gov/7486486,https://openalex.org/W2059736175
False,,,https://doi.org/10.2337/diacare.18.3.307,https://pubmed.ncbi.nlm.nih.gov/7555472,https://openalex.org/W1974657065
False,,,https://doi.org/10.2337/diacare.18.3.393,https://pubmed.ncbi.nlm.nih.gov/7555484,https://openalex.org/W2046634803
False,,,,https://pubmed.ncbi.nlm.nih.gov/7556806,https://openalex.org/W75050017
True,,,https://doi.org/10.2337/diacare.18.8.1113,https://pubmed.ncbi.nlm.nih.gov/7587846,https://openalex.org/W2091034695
False,,,https://doi.org/10.2337/diacare.18.8.1183,https://pubmed.ncbi.nlm.nih.gov/7587856,https://openalex.org/W2057113744
False,,,https://doi.org/10.1177/030006059502300408,https://pubmed.ncbi.nlm.nih.gov/7589771,https://openalex.org/W1922130271
True,,,https://doi.org/10.2337/diabetes.44.11.1249,https://pubmed.ncbi.nlm.nih.gov/7589820,https://openalex.org/W4245063811
False,,,https://doi.org/10.2165/00003495-199549050-00007,https://pubmed.ncbi.nlm.nih.gov/7601013,https://openalex.org/W2071723829
False,,,https://doi.org/10.1056/nejm199508313330902,https://pubmed.ncbi.nlm.nih.gov/7623902,https://openalex.org/W2324992560
False,,,https://doi.org/10.1111/j.1464-5491.1995.tb00503.x,https://pubmed.ncbi.nlm.nih.gov/7648802,https://openalex.org/W2036996103
False,,,https://doi.org/10.1002/j.1552-4604.1995.tb04098.x,https://pubmed.ncbi.nlm.nih.gov/7657854,https://openalex.org/W2013934046
True,,,https://doi.org/10.1016/0895-7061(95)00052-q,https://pubmed.ncbi.nlm.nih.gov/7662219,https://openalex.org/W2064352744
False,,,,https://pubmed.ncbi.nlm.nih.gov/7667166,https://openalex.org/W2140765134
False,,,,https://pubmed.ncbi.nlm.nih.gov/7697692,https://openalex.org/W2399511914
True,,,https://doi.org/10.2337/diab.44.4.466,https://pubmed.ncbi.nlm.nih.gov/7698517,https://openalex.org/W2093957604
False,,,https://doi.org/10.1111/j.1365-2362.1994.tb02029.x,https://pubmed.ncbi.nlm.nih.gov/7705380,https://openalex.org/W2105391872
True,,,https://doi.org/10.1016/s0002-9343(99)80343-x,https://pubmed.ncbi.nlm.nih.gov/7733122,https://openalex.org/W2027935771
False,,,https://doi.org/10.1016/0014-2999(94)00732-m,https://pubmed.ncbi.nlm.nih.gov/7768272,https://openalex.org/W2085561130
False,,,,https://pubmed.ncbi.nlm.nih.gov/7777712,https://openalex.org/W2407415783
False,,,https://doi.org/10.1111/j.1365-2362.1995.tb01548.x,https://pubmed.ncbi.nlm.nih.gov/7781667,https://openalex.org/W2043547890
False,,,https://doi.org/10.2337/diacare.17.10.1093,https://pubmed.ncbi.nlm.nih.gov/7821127,https://openalex.org/W2056288576
True,,,https://doi.org/10.2337/diacare.17.10.1100,https://pubmed.ncbi.nlm.nih.gov/7821128,https://openalex.org/W2059649085
False,,,https://doi.org/10.2337/diacare.17.10.1141,https://pubmed.ncbi.nlm.nih.gov/7821133,https://openalex.org/W2022323467
True,,,https://doi.org/10.2337/diacare.17.11.1300,https://pubmed.ncbi.nlm.nih.gov/7821171,https://openalex.org/W2057691777
False,,,https://doi.org/10.1620/tjem.173.399,https://pubmed.ncbi.nlm.nih.gov/7825173,https://openalex.org/W2085078424
True,,,https://doi.org/10.1136/bmj.310.6972.83,https://pubmed.ncbi.nlm.nih.gov/7833731,https://openalex.org/W4250413101
False,,,https://doi.org/10.1002/j.1552-4604.1994.tb01972.x,https://pubmed.ncbi.nlm.nih.gov/7836551,https://openalex.org/W1969550995
True,,,,https://pubmed.ncbi.nlm.nih.gov/7843470,https://openalex.org/W2337243793
True,,,https://doi.org/10.2165/00002018-199411040-00002,https://pubmed.ncbi.nlm.nih.gov/7848543,https://openalex.org/W2089477934
False,,,https://doi.org/10.1111/j.1464-5491.1994.tb00349.x,https://pubmed.ncbi.nlm.nih.gov/7851069,https://openalex.org/W2055945824
False,,,,https://pubmed.ncbi.nlm.nih.gov/7858767,https://openalex.org/W2438627669
True,,,https://doi.org/10.2337/diab.44.2.165,https://pubmed.ncbi.nlm.nih.gov/7859936,https://openalex.org/W2163280918
False,,,https://doi.org/10.1016/1043-6618(94)80104-5,https://pubmed.ncbi.nlm.nih.gov/7862618,https://openalex.org/W2062632254
True,,,https://doi.org/10.1097/00000441-199503000-00003,https://pubmed.ncbi.nlm.nih.gov/7879817,https://openalex.org/W2035256114
True,,,https://doi.org/10.2337/diacare.17.12.1460,https://pubmed.ncbi.nlm.nih.gov/7882817,https://openalex.org/W2169458640
False,,,,https://pubmed.ncbi.nlm.nih.gov/7886271,https://openalex.org/W2411094038
False,,,https://doi.org/10.1111/j.1464-5491.1994.tb00253.x,https://pubmed.ncbi.nlm.nih.gov/7895460,https://openalex.org/W2166640752
False,,,https://doi.org/10.1111/j.1464-5491.1994.tb00256.x,https://pubmed.ncbi.nlm.nih.gov/7895463,https://openalex.org/W1972654341
False,,,,https://pubmed.ncbi.nlm.nih.gov/7926425,https://openalex.org/W2398585931
True,,,https://doi.org/10.1097/00000441-199430840-00004,https://pubmed.ncbi.nlm.nih.gov/7942982,https://openalex.org/W1978409184
False,,,https://doi.org/10.1007/bf00417695,https://pubmed.ncbi.nlm.nih.gov/7958542,https://openalex.org/W2092132782
False,,,,https://pubmed.ncbi.nlm.nih.gov/7960692,https://openalex.org/W2408860431
True,,,https://doi.org/10.2337/diacare.17.9.1026,https://pubmed.ncbi.nlm.nih.gov/7988301,https://openalex.org/W1969535782
False,,,https://doi.org/10.1007/bf00193478,https://pubmed.ncbi.nlm.nih.gov/7988624,https://openalex.org/W2025391735
False,,,https://doi.org/10.1007/bf00404335,https://pubmed.ncbi.nlm.nih.gov/7988780,https://openalex.org/W1997129422
False,,,,https://pubmed.ncbi.nlm.nih.gov/7991936,https://openalex.org/W156535694
True,,,https://doi.org/10.1016/0021-9150(94)90045-0,https://pubmed.ncbi.nlm.nih.gov/8003091,https://openalex.org/W2024455394
False,,,,https://pubmed.ncbi.nlm.nih.gov/8015532,https://openalex.org/W2396533554
False,,,https://doi.org/10.1111/j.1365-2796.1994.tb01119.x,https://pubmed.ncbi.nlm.nih.gov/8021573,https://openalex.org/W2009674481
False,,,https://doi.org/10.3109/08916939309014647,https://pubmed.ncbi.nlm.nih.gov/8025207,https://openalex.org/W2044253592
False,,,https://doi.org/10.1111/j.1464-5491.1994.tb00274.x,https://pubmed.ncbi.nlm.nih.gov/8033529,https://openalex.org/W1967644594
False,,,https://doi.org/10.1007/bf00580757,https://pubmed.ncbi.nlm.nih.gov/8043894,https://openalex.org/W2081264581
False,,,https://doi.org/10.1161/01.cir.90.2.700,https://pubmed.ncbi.nlm.nih.gov/8044938,https://openalex.org/W2002991383
False,,,,https://pubmed.ncbi.nlm.nih.gov/8053971,https://openalex.org/W2417152855
False,,,,https://pubmed.ncbi.nlm.nih.gov/8056129,https://openalex.org/W2462205608
True,,,https://doi.org/10.1111/j.1365-2796.1994.tb00801.x,https://pubmed.ncbi.nlm.nih.gov/8077888,https://openalex.org/W2013936522
True,,,https://doi.org/10.2337/diacare.17.6.561,https://pubmed.ncbi.nlm.nih.gov/8082525,https://openalex.org/W2013843275
True,,,,https://pubmed.ncbi.nlm.nih.gov/8111800,https://openalex.org/W69384991
True,,,,https://pubmed.ncbi.nlm.nih.gov/8111803,https://openalex.org/W2416131105
False,,,https://doi.org/10.2337/diacare.17.1.20,https://pubmed.ncbi.nlm.nih.gov/8112185,https://openalex.org/W2018001558
False,,,https://doi.org/10.1177/030006059302100504,https://pubmed.ncbi.nlm.nih.gov/8112483,https://openalex.org/W2411167413
False,,,,https://pubmed.ncbi.nlm.nih.gov/8200602,https://openalex.org/W2418876834
True,,,https://doi.org/10.2165/00002018-199309040-00002,https://pubmed.ncbi.nlm.nih.gov/8260118,https://openalex.org/W2085528654
True,,,,https://pubmed.ncbi.nlm.nih.gov/8269445,https://openalex.org/W97458023
False,,,,https://pubmed.ncbi.nlm.nih.gov/8313208,https://openalex.org/W2419401235
False,,,https://doi.org/10.2165/00003495-199550020-00006,https://pubmed.ncbi.nlm.nih.gov/8521759,https://openalex.org/W2111587709
False,,,,https://pubmed.ncbi.nlm.nih.gov/8529760,https://openalex.org/W2260744210
True,,,https://doi.org/10.7326/0003-4819-124-1_part_2-199601011-00011,https://pubmed.ncbi.nlm.nih.gov/8554206,https://openalex.org/W2007914298
False,,,https://doi.org/10.1016/s0749-0690(18)30260-x,https://pubmed.ncbi.nlm.nih.gov/8556690,https://openalex.org/W270600627
False,,,https://doi.org/10.1080/07315724.1995.10718526,https://pubmed.ncbi.nlm.nih.gov/8568117,https://openalex.org/W1969539304
False,,,https://doi.org/10.1007/bf00838486,https://pubmed.ncbi.nlm.nih.gov/8590785,https://openalex.org/W2942484181
False,,,,https://pubmed.ncbi.nlm.nih.gov/8593925,https://openalex.org/W53995963
False,,,,https://pubmed.ncbi.nlm.nih.gov/8596760,https://openalex.org/W2419651939
False,,,,https://pubmed.ncbi.nlm.nih.gov/8642720,https://openalex.org/W4298077127
False,,,,https://pubmed.ncbi.nlm.nih.gov/8656173,https://openalex.org/W2402923412
False,,,https://doi.org/10.1016/s0140-6736(96)90672-8,https://pubmed.ncbi.nlm.nih.gov/8684103,https://openalex.org/W2067519102
False,,,,https://pubmed.ncbi.nlm.nih.gov/8684512,https://openalex.org/W2460381333
False,,,https://doi.org/10.1007/bf00422374,https://pubmed.ncbi.nlm.nih.gov/8690177,https://openalex.org/W2050310915
False,,,https://doi.org/10.7556/jaoa.1996.96.6.346,https://pubmed.ncbi.nlm.nih.gov/8690621,https://openalex.org/W180141447
False,,,https://doi.org/10.2337/diacare.19.2.151,https://pubmed.ncbi.nlm.nih.gov/8718436,https://openalex.org/W2080744024
False,,,,https://pubmed.ncbi.nlm.nih.gov/8726592,
False,,,https://doi.org/10.2337/diacare.19.5.498,https://pubmed.ncbi.nlm.nih.gov/8732716,https://openalex.org/W2067916345
False,,,https://doi.org/10.1002/(sici)1096-9136(199605)13:5<471::aid-dia103>3.0.co;2-t,https://pubmed.ncbi.nlm.nih.gov/8737030,https://openalex.org/W2068668933
True,,,https://doi.org/10.1007/bf00403296,https://pubmed.ncbi.nlm.nih.gov/8739909,https://openalex.org/W2062947421
False,,,https://doi.org/10.2337/diacare.19.3.226,https://pubmed.ncbi.nlm.nih.gov/8742566,https://openalex.org/W2007549123
False,,,https://doi.org/10.2337/diacare.19.3.252,https://pubmed.ncbi.nlm.nih.gov/8742572,https://openalex.org/W2027615758
False,,,https://doi.org/10.2337/diacare.19.3.295,https://pubmed.ncbi.nlm.nih.gov/8742586,https://openalex.org/W2320464786
True,,,https://doi.org/10.1007/bf00576262,https://pubmed.ncbi.nlm.nih.gov/8750768,https://openalex.org/W2092585967
False,,,,https://pubmed.ncbi.nlm.nih.gov/8767351,https://openalex.org/W2410541868
True,,,https://doi.org/10.1177/106002809603000103,https://pubmed.ncbi.nlm.nih.gov/8773160,https://openalex.org/W2157223833
False,,,https://doi.org/10.2337/diacare.19.7.784,https://pubmed.ncbi.nlm.nih.gov/8799649,https://openalex.org/W2048458604
True,,,https://doi.org/10.2337/diacare.19.8.849,https://pubmed.ncbi.nlm.nih.gov/8842603,https://openalex.org/W2090610606
False,,,https://doi.org/10.2337/diacare.19.8.857,https://pubmed.ncbi.nlm.nih.gov/8842604,https://openalex.org/W2078387216
False,,,https://doi.org/10.2337/diacare.19.8.883,https://pubmed.ncbi.nlm.nih.gov/8842609,https://openalex.org/W2086582539
False,,,https://doi.org/10.1111/j.1464-5491.1995.tb00390.x,https://pubmed.ncbi.nlm.nih.gov/8846678,https://openalex.org/W2141217393
True,,,https://doi.org/10.1097/00007691-199602000-00002,https://pubmed.ncbi.nlm.nih.gov/8848822,https://openalex.org/W2021512930
True,,,https://doi.org/10.2165/00003088-199631020-00003,https://pubmed.ncbi.nlm.nih.gov/8853933,https://openalex.org/W2089225574
False,,,https://doi.org/10.2337/diab.45.11.1572,https://pubmed.ncbi.nlm.nih.gov/8866563,https://openalex.org/W2053990917
False,,,,https://pubmed.ncbi.nlm.nih.gov/8874372,https://openalex.org/W1434738
False,,,https://doi.org/10.2337/diacare.19.9.1038,https://pubmed.ncbi.nlm.nih.gov/8875112,https://openalex.org/W2330150790
True,,,,https://pubmed.ncbi.nlm.nih.gov/8888072,https://openalex.org/W1567093432
False,,,,https://pubmed.ncbi.nlm.nih.gov/8888075,https://openalex.org/W2117299500
False,,,https://doi.org/10.1177/030006059602400505,https://pubmed.ncbi.nlm.nih.gov/8895047,https://openalex.org/W1922995903
False,,,https://doi.org/10.2337/diacare.19.11.1185,https://pubmed.ncbi.nlm.nih.gov/8908377,https://openalex.org/W2019146531
True,,,https://doi.org/10.2337/diacare.19.11.1194,https://pubmed.ncbi.nlm.nih.gov/8908379,https://openalex.org/W1994860175
False,,,https://doi.org/10.2337/diacare.19.11.1311,https://pubmed.ncbi.nlm.nih.gov/8908409,https://openalex.org/W2332951925
False,,,https://doi.org/10.1177/106002809603001110,https://pubmed.ncbi.nlm.nih.gov/8913408,https://openalex.org/W2151898117
False,,,https://doi.org/10.2337/diacare.19.12.1326,https://pubmed.ncbi.nlm.nih.gov/8941458,https://openalex.org/W1987371339
False,,,https://doi.org/10.1136/pgmj.72.853.657,https://pubmed.ncbi.nlm.nih.gov/8944206,https://openalex.org/W2135084189
True,,,https://doi.org/10.3109/07853899608999105,https://pubmed.ncbi.nlm.nih.gov/8949976,https://openalex.org/W1994466416
True,,,https://doi.org/10.1007/s001250050624,https://pubmed.ncbi.nlm.nih.gov/8960852,https://openalex.org/W2044398229
True,,,https://doi.org/10.1007/s001250050626,https://pubmed.ncbi.nlm.nih.gov/8960854,https://openalex.org/W1974501150
False,,,https://doi.org/10.1016/s0002-9149(96)00681-9,https://pubmed.ncbi.nlm.nih.gov/9024742,https://openalex.org/W2101122893
False,,,,https://pubmed.ncbi.nlm.nih.gov/9026680,https://openalex.org/W2416495162
False,,,https://doi.org/10.1002/j.1552-4604.1997.tb04774.x,https://pubmed.ncbi.nlm.nih.gov/9055142,https://openalex.org/W1983738034
False,,,,https://pubmed.ncbi.nlm.nih.gov/9059766,https://openalex.org/W2401965127
False,,,https://doi.org/10.2165/00003088-199700321-00005,https://pubmed.ncbi.nlm.nih.gov/9068933,https://openalex.org/W1993311073
False,,,,https://pubmed.ncbi.nlm.nih.gov/9069587,https://openalex.org/W67545546
False,,,,https://pubmed.ncbi.nlm.nih.gov/9069698,https://openalex.org/W101149224
False,,,https://doi.org/10.2337/diab.46.4.726,https://pubmed.ncbi.nlm.nih.gov/9075819,https://openalex.org/W2114076638
False,,,https://doi.org/10.2337/diacare.20.4.479,https://pubmed.ncbi.nlm.nih.gov/9096964,https://openalex.org/W2059590461
True,,,https://doi.org/10.2337/diacare.20.4.597,https://pubmed.ncbi.nlm.nih.gov/9096986,https://openalex.org/W2061936289
False,,,,https://pubmed.ncbi.nlm.nih.gov/9105542,https://openalex.org/W1660847917
False,,,https://doi.org/10.1093/ajhp/54.8.893,https://pubmed.ncbi.nlm.nih.gov/9114921,https://openalex.org/W2345930727
True,,,https://doi.org/10.2337/diacare.20.5.687,https://pubmed.ncbi.nlm.nih.gov/9135927,https://openalex.org/W1980062765
False,,,https://doi.org/10.2337/diacare.20.5.692,https://pubmed.ncbi.nlm.nih.gov/9135928,https://openalex.org/W2052410736
False,,,https://doi.org/10.2165/00002512-199710050-00001,https://pubmed.ncbi.nlm.nih.gov/9143853,https://openalex.org/W2044968441
False,,,https://doi.org/10.1046/j.1365-2125.1997.00571.x,https://pubmed.ncbi.nlm.nih.gov/9146849,https://openalex.org/W2054666475
False,,,,https://pubmed.ncbi.nlm.nih.gov/9159660,https://openalex.org/W1831980957
False,,,https://doi.org/10.1002/(sici)1096-9136(199604)13:4<365::aid-dia19>3.0.co;2-m,https://pubmed.ncbi.nlm.nih.gov/9162613,https://openalex.org/W1985317064
True,,,https://doi.org/10.2337/diacare.20.6.992,https://pubmed.ncbi.nlm.nih.gov/9167112,https://openalex.org/W2016878819
True,,,https://doi.org/10.1177/106002809703100601,https://pubmed.ncbi.nlm.nih.gov/9184703,https://openalex.org/W2131316918
True,,,https://doi.org/10.1016/s0272-6386(97)90465-0,https://pubmed.ncbi.nlm.nih.gov/9186077,https://openalex.org/W1995315145
False,,,,https://pubmed.ncbi.nlm.nih.gov/9195119,https://openalex.org/W2402193924
False,,,https://doi.org/10.1002/(sici)1096-9136(199706)14:6<472::aid-dia388>3.0.co;2-q,https://pubmed.ncbi.nlm.nih.gov/9212313,https://openalex.org/W2038357512
True,,,https://doi.org/10.1007/s001250050734,https://pubmed.ncbi.nlm.nih.gov/9222648,https://openalex.org/W1998705051
False,,,https://doi.org/10.1002/(sici)1096-9136(199707)14:7<556::aid-dia389>3.0.co;2-6,https://pubmed.ncbi.nlm.nih.gov/9223393,https://openalex.org/W2084671153
False,,,https://doi.org/10.1172/jci119562,https://pubmed.ncbi.nlm.nih.gov/9239399,https://openalex.org/W2085390992
True,,,,https://pubmed.ncbi.nlm.nih.gov/9250558,https://openalex.org/W1935585629
False,,,https://doi.org/10.1046/j.1365-2362.1997.1710716.x,https://pubmed.ncbi.nlm.nih.gov/9279533,https://openalex.org/W2123054466
False,,,https://doi.org/10.2337/diacare.20.9.1430,https://pubmed.ncbi.nlm.nih.gov/9283792,https://openalex.org/W1977757682
False,,,https://doi.org/10.1001/archinte.1997.00440370028004,https://pubmed.ncbi.nlm.nih.gov/9290539,https://openalex.org/W2124095103
False,,,https://doi.org/10.1002/(sici)1096-9136(199709)14:9<798::aid-dia420>3.0.co;2-c,https://pubmed.ncbi.nlm.nih.gov/9300232,https://openalex.org/W2003524585
False,,,https://doi.org/10.2337/diacare.46.10.1557,https://pubmed.ncbi.nlm.nih.gov/9313749,https://openalex.org/W1984186048
False,,,https://doi.org/10.2337/diacare.46.10.1601,https://pubmed.ncbi.nlm.nih.gov/9313756,https://openalex.org/W2126797308
False,,,https://doi.org/10.1007/bf03044916,https://pubmed.ncbi.nlm.nih.gov/9340472,https://openalex.org/W49811413
False,,,https://doi.org/10.2337/diacare.20.11.1791,https://pubmed.ncbi.nlm.nih.gov/9353625,https://openalex.org/W2093159285
False,,,https://doi.org/10.1007/s002280050354,https://pubmed.ncbi.nlm.nih.gov/9403288,https://openalex.org/W2030537348
False,,,https://doi.org/10.1007/bf02783316,https://pubmed.ncbi.nlm.nih.gov/9404682,https://openalex.org/W2007759381
False,,,https://doi.org/10.2337/diacare.20.12.1863,https://pubmed.ncbi.nlm.nih.gov/9405908,https://openalex.org/W1996837544
True,,,https://doi.org/10.1001/jama.279.2.137,https://pubmed.ncbi.nlm.nih.gov/9440664,https://openalex.org/W2034819488
True,,,https://doi.org/10.1007/s001250050855,https://pubmed.ncbi.nlm.nih.gov/9447960,https://openalex.org/W2060929081
True,,,https://doi.org/10.7326/0003-4819-128-3-199802010-00001,https://pubmed.ncbi.nlm.nih.gov/9454524,https://openalex.org/W36168761
False,,,,https://pubmed.ncbi.nlm.nih.gov/9463023,https://openalex.org/W2396907897
False,,,,https://pubmed.ncbi.nlm.nih.gov/9469681,https://openalex.org/W1568874392
False,,,https://doi.org/10.1177/000992289803700209,https://pubmed.ncbi.nlm.nih.gov/9492120,https://openalex.org/W2110083541
False,,,https://doi.org/10.1046/j.1365-2125.1998.00680.x,https://pubmed.ncbi.nlm.nih.gov/9517374,https://openalex.org/W1633802741
False,,,https://doi.org/10.2337/diabetes.47.3.423,https://pubmed.ncbi.nlm.nih.gov/9519749,https://openalex.org/W2128491499
False,,,https://doi.org/10.2165/00003088-199834030-00001,https://pubmed.ncbi.nlm.nih.gov/9533980,https://openalex.org/W2056696280
False,,,https://doi.org/10.2337/diacare.21.1.2,https://pubmed.ncbi.nlm.nih.gov/9538962,https://openalex.org/W2003983465
True,,,https://doi.org/10.2337/diacare.21.1.87,https://pubmed.ncbi.nlm.nih.gov/9538975,https://openalex.org/W2786617581
False,,,https://doi.org/10.1002/(sici)1096-9136(199803)15:3<194::aid-dia546>3.0.co;2-2,https://pubmed.ncbi.nlm.nih.gov/9545119,https://openalex.org/W1997874887
True,,,https://doi.org/10.2105/ajph.88.4.630,https://pubmed.ncbi.nlm.nih.gov/9551006,https://openalex.org/W2040959518
True,,,https://doi.org/10.2165/00003495-199855040-00007,https://pubmed.ncbi.nlm.nih.gov/9561345,https://openalex.org/W1973551179
True,,,https://doi.org/10.2337/diacare.21.4.574,https://pubmed.ncbi.nlm.nih.gov/9571345,https://openalex.org/W2083008973
False,,,https://doi.org/10.1002/(sici)1096-9136(199804)15:4<290::aid-dia570>3.0.co;2-m,https://pubmed.ncbi.nlm.nih.gov/9585393,https://openalex.org/W2090582239
True,,,https://doi.org/10.1002/(sici)1096-9136(199804)15:4<297::aid-dia572>3.0.co;2-w,https://pubmed.ncbi.nlm.nih.gov/9585394,https://openalex.org/W2013253832
False,,,https://doi.org/10.2337/diacare.21.5.682,https://pubmed.ncbi.nlm.nih.gov/9589224,https://openalex.org/W2118142139
False,,,https://doi.org/10.2337/diacare.21.5.810,https://pubmed.ncbi.nlm.nih.gov/9589246,https://openalex.org/W2082773022
False,,,,https://pubmed.ncbi.nlm.nih.gov/9594432,https://openalex.org/W2410897344
False,,,,https://pubmed.ncbi.nlm.nih.gov/9623011,https://openalex.org/W2403369066
False,,,https://doi.org/10.2337/diacare.21.7.1052,https://pubmed.ncbi.nlm.nih.gov/9653594,https://openalex.org/W1994999237
False,,,https://doi.org/10.2337/diacare.21.7.1154,https://pubmed.ncbi.nlm.nih.gov/9653611,https://openalex.org/W2115720674
False,,,https://doi.org/10.1016/s0168-3659(97)00167-3,https://pubmed.ncbi.nlm.nih.gov/9685916,https://openalex.org/W1999710538
False,,,https://doi.org/10.2337/diacare.21.8.1236,https://pubmed.ncbi.nlm.nih.gov/9702426,https://openalex.org/W1973855053
True,,,https://doi.org/10.1002/j.1552-4604.1998.tb04471.x,https://pubmed.ncbi.nlm.nih.gov/9702849,https://openalex.org/W2166418130
False,,,https://doi.org/10.2337/diacare.21.9.1462,https://pubmed.ncbi.nlm.nih.gov/9727892,https://openalex.org/W2068531968
False,,,https://doi.org/10.1159/000381643,https://pubmed.ncbi.nlm.nih.gov/9732337,https://openalex.org/W1545732697
False,,,https://doi.org/10.2165/00002512-199813020-00008,https://pubmed.ncbi.nlm.nih.gov/9739505,https://openalex.org/W3187355937
True,,,https://doi.org/10.1159/000444053,https://pubmed.ncbi.nlm.nih.gov/9742976,https://openalex.org/W2302447233
False,,,,https://pubmed.ncbi.nlm.nih.gov/9742977,https://openalex.org/W2271771390
False,,,,https://pubmed.ncbi.nlm.nih.gov/9750481,https://openalex.org/W2417992861
False,,,https://doi.org/10.1345/aph.17375,https://pubmed.ncbi.nlm.nih.gov/9762378,https://openalex.org/W2126834915
False,,,,https://pubmed.ncbi.nlm.nih.gov/9789590,https://openalex.org/W2462748230
False,,,https://doi.org/10.1097/00004872-199816050-00019,https://pubmed.ncbi.nlm.nih.gov/9797183,https://openalex.org/W2064750857
True,,,https://doi.org/10.2337/diacare.21.11.1897,https://pubmed.ncbi.nlm.nih.gov/9802740,https://openalex.org/W2077971957
False,,,https://doi.org/10.2337/diacare.21.11.1925,https://pubmed.ncbi.nlm.nih.gov/9802745,https://openalex.org/W2025162869
False,,,,https://pubmed.ncbi.nlm.nih.gov/9812648,https://openalex.org/W2411309176
False,,,https://doi.org/10.1007/s001250051082,https://pubmed.ncbi.nlm.nih.gov/9833950,https://openalex.org/W2016207537
False,,,https://doi.org/10.1016/s0899-9007(98)00124-5,https://pubmed.ncbi.nlm.nih.gov/9834926,https://openalex.org/W2144095888
False,,,https://doi.org/10.2337/diabetes.47.12.1909,https://pubmed.ncbi.nlm.nih.gov/9836523,https://openalex.org/W1989244392
False,,,https://doi.org/10.2337/diabetes.47.12.1920,https://pubmed.ncbi.nlm.nih.gov/9836525,https://openalex.org/W1991670137
False,,,https://doi.org/10.1093/ajhp/55.23.2509,https://pubmed.ncbi.nlm.nih.gov/9853636,https://openalex.org/W2474019865
False,,,,https://pubmed.ncbi.nlm.nih.gov/9881243,https://openalex.org/W2402199846
False,,,,https://pubmed.ncbi.nlm.nih.gov/9932219,https://openalex.org/W2225703314
False,,,https://doi.org/10.1007/bf03348039,https://pubmed.ncbi.nlm.nih.gov/9972673,https://openalex.org/W2062772048
True,,,https://doi.org/10.1001/archinte.159.3.281,https://pubmed.ncbi.nlm.nih.gov/9989540,https://openalex.org/W2045187622
