include,title,abstract,doi,literature_id,openalex_id
False,,,https://doi.org/10.1007/bf03012457,10051933,https://openalex.org/W2082613933
False,,,https://doi.org/10.1056/nejm199903043400903,10053177,https://openalex.org/W2312609348
False,,,https://doi.org/10.1037/0021-843x.108.1.90,10066996,https://openalex.org/W2022904832
False,,,https://doi.org/10.1097/00000539-199903000-00020,10072008,https://openalex.org/W2021097359
False,,,https://doi.org/10.1056/nejm199903113401003,10072410,https://openalex.org/W4239283954
False,,,https://doi.org/10.1001/archpsyc.56.3.241,10078501,https://openalex.org/W2154849243
False,,,https://doi.org/10.4088/jcp.v60n0207,10084637,https://openalex.org/W1993818042
False,,,https://doi.org/10.1016/s0893-133x(98)00093-1,10088136,https://openalex.org/W1561544516
False,,,https://doi.org/10.1001/archinte.159.6.551,10090111,https://openalex.org/W2095656324
False,,,https://doi.org/10.1002/1531-8257(199903)14:2<246::aid-mds1008>3.0.co;2-p,10091617,https://openalex.org/W2062309915
False,,,https://doi.org/10.1007/s001010050672,10093649,https://openalex.org/W177478450
False,,,https://doi.org/10.1542/peds.103.4.730,10103294,https://openalex.org/W2068159905
False,,,https://doi.org/10.2165/00019053-199405060-00005,10150160,https://openalex.org/W1987365003
False,,,https://doi.org/10.1016/s0893-133x(98)00127-4,10192826,https://openalex.org/W2024391265
False,,,https://doi.org/10.1016/s0893-133x(98)00090-6,10192829,https://openalex.org/W2007865301
False,,,https://doi.org/10.1097/00000539-199904000-00023,10195528,https://openalex.org/W2090823918
True,,,https://doi.org/10.1001/archpsyc.56.4.330,10197827,https://openalex.org/W2044466939
False,,,https://doi.org/10.1901/jaba.1999.32-35,10201102,https://openalex.org/W2142468689
False,,,https://doi.org/10.1192/bjp.174.1.15,10211146,https://openalex.org/W1974783484
False,,,https://doi.org/10.1192/bjp.174.1.23,10211147,https://openalex.org/W2002691423
False,,,https://doi.org/10.3109/10826089909037245,10227114,https://openalex.org/W2081331438
False,,,https://doi.org/10.1111/j.1651-2227.1999.tb01100.x,10229041,https://openalex.org/W2018129806
False,,,https://doi.org/10.1097/00004583-199905000-00011,10230181,https://openalex.org/W4250858368
False,,,https://doi.org/10.1097/00004583-199905000-00015,10230185,https://openalex.org/W1999554211
False,,,https://doi.org/10.1097/00000542-199905000-00020,10319784,https://openalex.org/W2062715857
False,,,https://doi.org/10.1016/s0149-2918(00)88301-0,10321415,https://openalex.org/W2108061862
False,,,https://doi.org/10.1176/ajp.156.5.702,10327902,https://openalex.org/W2109442247
True,,,https://doi.org/10.1097/00004714-199906000-00009,10350032,https://openalex.org/W1979465426
False,,,https://doi.org/10.1097/00004714-199906000-00015,10350037,https://openalex.org/W2058694703
False,,,https://doi.org/10.1016/s0006-3223(98)00200-5,10356632,https://openalex.org/W2061769579
False,,,https://doi.org/10.1097/00000539-199906000-00024,10357339,https://openalex.org/W2086833356
False,,,https://doi.org/10.1016/s0149-2918(00)88317-4,10363731,https://openalex.org/W2145911019
False,,,https://doi.org/10.1080/105504999305929,10365192,https://openalex.org/W2170349643
False,,,https://doi.org/10.1016/s0161-6420(99)90260-9,10366082,https://openalex.org/W2073271495
False,,,https://doi.org/10.1016/s0006-3223(98)00238-8,10376125,https://openalex.org/W2070320964
False,,,https://doi.org/10.1016/s0006-3223(98)00250-9,10376129,https://openalex.org/W1986377817
False,,,https://doi.org/10.1177/088307389901400601,10385840,https://openalex.org/W2094405126
False,,,https://doi.org/10.4088/jcp.v60n0603,10401913,https://openalex.org/W2166525546
False,,,https://doi.org/10.1093/oxfordjournals.schbul.a033375,10416728,https://openalex.org/W2103782573
False,,,https://doi.org/10.1046/j.1365-2044.1999.00849.x,10417466,https://openalex.org/W2014788142
False,,,https://doi.org/10.1097/00045391-199701000-00003,10423584,https://openalex.org/W1985439185
False,,,https://doi.org/10.1016/s0893-133x(99)00023-8,10432470,https://openalex.org/W2047356397
False,,,https://doi.org/10.1111/1469-8986.3640419,10432791,https://openalex.org/W2102391728
False,,,https://doi.org/10.1177/00912709922008425,10434228,https://openalex.org/W2041491649
False,,,https://doi.org/10.1093/bja/82.3.391,10434822,https://openalex.org/W2097715705
False,,,https://doi.org/10.1007/s002130051003,10435394,https://openalex.org/W2034253210
False,,,https://doi.org/10.1097/00004850-199905002-00005,10435771,https://openalex.org/W1987447099
False,,,https://doi.org/10.1002/j.1550-8528.1999.tb00420.x,10440593,https://openalex.org/W2055344634
False,,,https://doi.org/10.4088/jcp.v60n0703,10453796,https://openalex.org/W1979840800
False,,,https://doi.org/10.1097/00004850-199907000-00002,10468313,https://openalex.org/W1989972780
False,,,,10472699,https://openalex.org/W2399154864
False,,,https://doi.org/10.1055/s-2007-994986,10478300,https://openalex.org/W135184902
False,,,https://doi.org/10.1016/s0920-9964(99)00021-3,10480663,https://openalex.org/W2005762752
False,,,https://doi.org/10.1176/ajp.156.9.1374,10484947,https://openalex.org/W2170201623
False,,,https://doi.org/10.1097/00000542-199909000-00015,10485774,https://openalex.org/W2120713954
False,,,https://doi.org/10.1097/00004714-199910000-00005,10505583,https://openalex.org/W2315406452
False,,,https://doi.org/10.1097/00004714-199910000-00007,10505585,https://openalex.org/W2312270175
False,,,,10513460,https://openalex.org/W47048920
False,,,,10513857,https://openalex.org/W1900488432
False,,,https://doi.org/10.1001/archpedi.153.10.1039,10520611,https://openalex.org/W2086464859
False,,,https://doi.org/10.1176/ajp.156.11.1686,10553730,https://openalex.org/W2111105929
False,,,https://doi.org/10.1213/00000539-199911000-00024,10553837,https://openalex.org/W2043325087
False,,,https://doi.org/10.1097/00004850-199911000-00003,10565800,https://openalex.org/W1981207331
False,,,,10587774,
False,,,https://doi.org/10.1097/00000539-199912000-00032,10589634,https://openalex.org/W1971792289
False,,,https://doi.org/10.1001/archpsyc.56.12.1073,10591283,https://openalex.org/W2601578636
False,,,https://doi.org/10.1001/archpsyc.56.12.1088,10591284,https://openalex.org/W4247130871
False,,,https://doi.org/10.1001/archpsyc.56.12.1097,10591285,https://openalex.org/W2060100041
False,,,https://doi.org/10.1001/archpedi.153.12.1292,10591309,https://openalex.org/W2127122500
False,,,,10596559,https://openalex.org/W38821784
False,,,https://doi.org/10.1023/a:1022309428886,10596735,https://openalex.org/W2009578329
False,,,https://doi.org/10.1080/105504999305749,10598217,https://openalex.org/W2171397714
False,,,https://doi.org/10.1016/s0304-3959(99)00181-5,10601673,https://openalex.org/W2062771008
False,,,https://doi.org/10.1046/j.1365-2125.2000.00140.x,10606837,https://openalex.org/W1847561584
False,,,https://doi.org/10.1046/j.1365-2125.2000.00111.x,10606838,https://openalex.org/W1541888681
False,,,https://doi.org/10.1348/000711299160211,10616134,https://openalex.org/W1963817404
False,,,https://doi.org/10.1203/00006450-200001000-00009,10625080,https://openalex.org/W2078259637
False,,,https://doi.org/10.1046/j.1460-9592.2000.00441.x,10632912,https://openalex.org/W1535054265
False,,,https://doi.org/10.1002/(sici)1099-1166(200001)15:1<14::aid-gps70>3.0.co;2-8,10637400,https://openalex.org/W2121543279
False,,,https://doi.org/10.1177/070674379904401003,10637676,https://openalex.org/W2409917428
False,,,https://doi.org/10.1177/070674379904401004,10637677,https://openalex.org/W45256934
False,,,https://doi.org/10.1177/070674379904401005,10637678,https://openalex.org/W2415033868
False,,,https://doi.org/10.1177/070674379904401006,10637679,https://openalex.org/W2409482832
False,,,https://doi.org/10.1177/070674379904401011,10637684,https://openalex.org/W2420851163
False,,,https://doi.org/10.1016/s0924-977x(99)00054-1,10647097,https://openalex.org/W1992398211
False,,,https://doi.org/10.1097/00004714-200002000-00011,10653210,https://openalex.org/W2331368560
False,,,https://doi.org/10.1177/000992280003900102,10660814,https://openalex.org/W2109935740
False,,,https://doi.org/10.1007/s002130050022,10663415,https://openalex.org/W2056579603
False,,,https://doi.org/10.1046/j.1365-2044.2000.01215.x,10671847,https://openalex.org/W2137127582
False,,,https://doi.org/10.1046/j.1365-2125.2000.00121.x,10671903,https://openalex.org/W2164164342
False,,,https://doi.org/10.1016/s0925-4927(99)00032-3,10688158,https://openalex.org/W2048766195
False,,,https://doi.org/10.1097/00000542-200002000-00016,10691221,https://openalex.org/W2046030804
False,,,https://doi.org/10.1016/s0006-3223(99)00273-5,10704958,https://openalex.org/W2087505840
False,,,https://doi.org/10.1016/s0161-6420(99)00083-4,10711900,https://openalex.org/W1893395659
False,,,https://doi.org/10.1016/s0740-5472(99)00050-1,10716102,https://openalex.org/W1974086885
False,,,https://doi.org/10.1212/wnl.54.5.1166,10720292,https://openalex.org/W2551140411
False,,,https://doi.org/10.1017/s0033291799001476,10722180,https://openalex.org/W1970892722
False,,,https://doi.org/10.1016/s0893-133x(99)00116-5,10731625,https://openalex.org/W2005522694
False,,,https://doi.org/10.1016/s0893-133x(99)00148-7,10731626,https://openalex.org/W2120113858
False,,,https://doi.org/10.1097/00000539-200004000-00011,10735784,https://openalex.org/W4253209559
False,,,https://doi.org/10.1097/00000539-200004000-00033,10735806,https://openalex.org/W2051812363
False,,,https://doi.org/10.1038/74737,10742158,https://openalex.org/W1542975971
False,,,https://doi.org/10.1177/00912700022009080,10761165,https://openalex.org/W2056363043
False,,,https://doi.org/10.1097/00004714-200004000-00002,10770448,https://openalex.org/W2317847751
False,,,https://doi.org/10.1016/s0952-8180(99)00131-2,10773503,https://openalex.org/W1968494224
False,,,https://doi.org/10.2165/00003495-200059030-00013,10776835,https://openalex.org/W2049881401
False,,,https://doi.org/10.1097/00000539-200005000-00023,10781465,https://openalex.org/W1995432167
False,,,https://doi.org/10.4088/jcp.v61n0309,10817105,https://openalex.org/W2018434620
False,,,https://doi.org/10.7326/0003-4819-132-10-200005160-00004,10819701,https://openalex.org/W2022076582
False,,,https://doi.org/10.1097/00000539-200006000-00032,10825334,https://openalex.org/W1991078205
False,,,https://doi.org/10.1097/00004714-200006000-00002,10831015,https://openalex.org/W2406471561
False,,,https://doi.org/10.1097/00004714-200006000-00003,10831016,https://openalex.org/W2242713226
False,,,https://doi.org/10.1001/archpsyc.57.6.553,10839333,https://openalex.org/W2009915820
False,,,https://doi.org/10.4088/jcp.v61n0503,10847307,https://openalex.org/W1985485609
False,,,,10847315,https://openalex.org/W2048123560
False,,,https://doi.org/10.1034/j.1600-0447.2000.101006416.x,10868465,https://openalex.org/W2062250724
False,,,https://doi.org/10.1176/appi.ajp.157.7.1150,10873925,https://openalex.org/W2109946269
False,,,https://doi.org/10.1016/s0893-133x(00)00097-x,10882838,https://openalex.org/W2008599960
False,,,https://doi.org/10.1161/01.str.31.7.1785-d,10884491,https://openalex.org/W1981705884
False,,,https://doi.org/10.1093/oxfordjournals.schbul.a033463,10885641,https://openalex.org/W2121458109
False,,,https://doi.org/10.1023/a:1005192220001,10885682,https://openalex.org/W1548385953
False,,,https://doi.org/10.1016/s0091-3057(00)00218-5,10899363,https://openalex.org/W1994527877
False,,,https://doi.org/10.4088/jcp.v61n0604,10901338,https://openalex.org/W1972107216
False,,,https://doi.org/10.4088/jcp.v61n0609,10901343,https://openalex.org/W2019575676
False,,,https://doi.org/10.1097/00000539-200008000-00029,10910854,https://openalex.org/W1989064293
False,,,https://doi.org/10.1097/00004714-200008000-00013,10917410,https://openalex.org/W2052152483
False,,,https://doi.org/10.1001/archpsyc.57.8.794,10920469,https://openalex.org/W2159990726
False,,,https://doi.org/10.1007/s004150070173,10929273,https://openalex.org/W2084272802
False,,,https://doi.org/10.4088/jcp.v61n0702,10937603,https://openalex.org/W1976935772
False,,,https://doi.org/10.4088/jcp.v61n0707,10937608,https://openalex.org/W2087408262
False,,,https://doi.org/10.1055/s-2000-5946,10949680,https://openalex.org/W1993412546
False,,,https://doi.org/10.1177/140349480002800212,10954143,https://openalex.org/W1977255624
False,,,,10980811,
False,,,https://doi.org/10.1007/s11906-999-0038-1,10981082,https://openalex.org/W1964044084
False,,,https://doi.org/10.1001/archpsyc.57.9.841,10986547,https://openalex.org/W2135399947
False,,,https://doi.org/10.1016/s0893-133x(00)00115-9,10989263,https://openalex.org/W2057274111
False,,,https://doi.org/10.1007/bf03019667,10989857,https://openalex.org/W2165966939
False,,,https://doi.org/10.1212/wnl.55.6.795,10993998,https://openalex.org/W2084188456
False,,,https://doi.org/10.1016/s0006-3223(00)00991-4,11018228,https://openalex.org/W1970891546
False,,,https://doi.org/10.1097/00000542-200010000-00013,11020745,https://openalex.org/W2033450140
False,,,https://doi.org/10.1016/s0952-8180(00)00167-7,11025232,https://openalex.org/W2049481213
False,,,https://doi.org/10.1016/s0952-8180(00)00171-9,11025234,https://openalex.org/W2083445031
False,,,https://doi.org/10.1177/009127000004001008,11028253,https://openalex.org/W2099530687
False,,,https://doi.org/10.1212/wnl.55.7.1069,11061283,https://openalex.org/W4240032338
False,,,https://doi.org/10.1177/112067210001000310,11071034,https://openalex.org/W2198259144
False,,,https://doi.org/10.1034/j.1600-0447.2000.102005390.x,11098812,https://openalex.org/W2052196529
False,,,https://doi.org/10.1038/eye.2000.198,11116699,https://openalex.org/W2049724887
False,,,https://doi.org/10.1016/s0920-9964(00)00009-8,11120421,https://openalex.org/W2105805259
False,,,https://doi.org/10.1037/e558732011-001,11126856,https://openalex.org/W1537019936
False,,,https://doi.org/10.1592/phco.20.19.1448.34866,11130217,https://openalex.org/W1996854327
False,,,https://doi.org/10.1097/00000539-200101000-00011,11133600,https://openalex.org/W2098191930
False,,,https://doi.org/10.1097/00000539-200101000-00038,11133627,https://openalex.org/W1990570354
False,,,https://doi.org/10.1097/00000539-200101000-00051,11133640,https://openalex.org/W2092790708
False,,,https://doi.org/10.1176/appi.ajp.158.1.131,11136647,https://openalex.org/W2114693958
False,,,,11140235,https://openalex.org/W1527279017
False,,,https://doi.org/10.1177/070674370004500907,11143833,https://openalex.org/W161868037
False,,,https://doi.org/10.1055/s-2000-8359,11147929,https://openalex.org/W2038607166
True,,,https://doi.org/10.1176/appi.ajp.158.2.282,11156812,https://openalex.org/W2116058617
False,,,https://doi.org/10.1016/s0006-3223(00)01026-x,11163780,https://openalex.org/W2089602570
False,,,https://doi.org/10.1126/science.290.5495.1280,11185396,https://openalex.org/W1634536803
False,,,https://doi.org/10.1177/026988110001400411,11198061,https://openalex.org/W2104404988
False,,,https://doi.org/10.1097/00004714-200102000-00007,11199944,https://openalex.org/W2033616909
False,,,https://doi.org/10.1097/00004714-200102000-00016,11199955,https://openalex.org/W2019559657
False,,,https://doi.org/10.1097/00004714-200102000-00017,11199956,https://openalex.org/W2317880809
False,,,https://doi.org/10.1097/00004714-200102000-00018,11199957,https://openalex.org/W2014921574
False,,,https://doi.org/10.4088/jcp.v61n1208,11206599,https://openalex.org/W2077206280
False,,,https://doi.org/10.1901/jaba.2000.33-573,11214032,https://openalex.org/W2130207379
False,,,https://doi.org/10.1901/jaba.2000.33-593,11214033,https://openalex.org/W2110248622
False,,,https://doi.org/10.1002/1531-8257(200101)16:1<135::aid-mds1006>3.0.co;2-q,11215574,https://openalex.org/W2060220011
False,,,https://doi.org/10.2165/00003495-200161010-00011,11217867,https://openalex.org/W2002013308
False,,,,11247108,https://openalex.org/W2138404641
True,,,https://doi.org/10.1097/00004714-200104000-00015,11270920,https://openalex.org/W2018897037
False,,,https://doi.org/10.1176/appi.ajp.158.4.518,11282684,https://openalex.org/W2115115146
False,,,https://doi.org/10.1176/appi.ajp.158.4.625,11282699,https://openalex.org/W2137891689
False,,,https://doi.org/10.4088/jcp.v62n0308,11305704,https://openalex.org/W1540364236
False,,,https://doi.org/10.4088/jcp.v62n0310,11305706,https://openalex.org/W2110233387
False,,,https://doi.org/10.1016/s0924-977x(01)00072-4,11313165,https://openalex.org/W2088710565
False,,,https://doi.org/10.1097/00008480-200104000-00019,11317065,https://openalex.org/W2334410811
False,,,https://doi.org/10.1093/neucas/7.2.105,11320158,https://openalex.org/W2144550125
False,,,https://doi.org/10.1055/s-2001-13079,11322056,https://openalex.org/W2008088032
False,,,https://doi.org/10.1176/appi.ajp.158.5.765,11329400,https://openalex.org/W2032448955
False,,,https://doi.org/10.1176/appi.ajp.158.5.805,11329407,https://openalex.org/W2061519055
False,,,https://doi.org/10.1016/s0750-7658(01)00357-4,11332061,https://openalex.org/W2032749888
False,,,,11333516,https://openalex.org/W159075688
False,,,https://doi.org/10.1517/14656566.2.2.337,11336590,https://openalex.org/W2156576111
False,,,https://doi.org/10.1046/j.1532-5415.2001.49092.x,11347795,https://openalex.org/W2044122355
False,,,https://doi.org/10.1093/oxfordjournals.schbul.a006869,11354590,https://openalex.org/W2154125298
False,,,https://doi.org/10.1016/s0920-9964(00)00080-3,11356587,https://openalex.org/W2018689362
False,,,https://doi.org/10.1016/s0893-133x(00)00249-9,11377926,https://openalex.org/W2127783813
False,,,https://doi.org/10.4088/jcp.v62n0405,11379837,https://openalex.org/W2066448639
False,,,https://doi.org/10.4088/jcp.v62n0410,11379842,https://openalex.org/W2006917640
False,,,https://doi.org/10.1016/s0149-2918(01)80023-0,11394732,https://openalex.org/W2073891038
False,,,https://doi.org/10.1007/s002130000658,11401000,https://openalex.org/W2158988332
False,,,https://doi.org/10.1007/s002130000657,11401006,https://openalex.org/W1970664643
False,,,https://doi.org/10.1016/s0306-4530(01)00016-6,11403983,https://openalex.org/W2012800223
False,,,https://doi.org/10.1046/j.0265-0215.2000.00826.x,11412287,https://openalex.org/W2131776074
False,,,https://doi.org/10.1093/jnci/93.12.892,11416103,https://openalex.org/W2161678978
False,,,https://doi.org/10.1097/00000539-200107000-00016,11429342,https://openalex.org/W2093771771
True,,,https://doi.org/10.1176/appi.ajp.158.7.1067,11431228,https://openalex.org/W2164549762
False,,,https://doi.org/10.1007/s002130100711,11432684,https://openalex.org/W1981210131
False,,,https://doi.org/10.1055/s-2001-14282,11434401,https://openalex.org/W2078536491
False,,,https://doi.org/10.1192/bjp.179.1.59,11435270,https://openalex.org/W2082322888
False,,,https://doi.org/10.1016/s0149-2918(01)80082-5,11440294,https://openalex.org/W2101619662
False,,,https://doi.org/10.1177/026988110101500212,11448085,https://openalex.org/W2044429484
False,,,https://doi.org/10.1352/0047-6765(2001)039<0259:dbpcto>2.0.co;2,11448249,https://openalex.org/W2178541554
False,,,https://doi.org/10.1097/00004850-200107000-00003,11459333,https://openalex.org/W1983805393
True,,,https://doi.org/10.1111/j.1749-6632.2001.tb05785.x,11462747,https://openalex.org/W2010661621
False,,,https://doi.org/10.1213/00000539-200108000-00019,11473855,https://openalex.org/W2095016438
False,,,https://doi.org/10.1093/humrep/16.8.1719,11473971,https://openalex.org/W2096019576
False,,,https://doi.org/10.1097/00004714-200108000-00002,11476119,https://openalex.org/W2060953871
False,,,https://doi.org/10.1097/00004714-200108000-00006,11476123,https://openalex.org/W2037172357
False,,,https://doi.org/10.1097/00004714-200108000-00008,11476125,https://openalex.org/W2047647486
False,,,https://doi.org/10.1176/appi.ajp.158.8.1305,11481167,https://openalex.org/W2167573026
True,,,https://doi.org/10.1001/archpsyc.58.8.775,11483144,https://openalex.org/W2169861403
False,,,https://doi.org/10.1001/archpsyc.58.8.784,11483145,https://openalex.org/W2092817031
False,,,https://doi.org/10.1067/mpd.2001.116050,11487742,https://openalex.org/W2111614110
False,,,https://doi.org/10.1177/00912700122010690,11504278,https://openalex.org/W2108866348
False,,,,11512420,https://openalex.org/W106464869
False,,,https://doi.org/10.1016/s0149-2918(01)80090-4,11519769,https://openalex.org/W2096527989
False,,,https://doi.org/10.2165/00023210-200115060-00006,11524026,https://openalex.org/W1967870254
False,,,https://doi.org/10.1016/0094-5765(82)90065-0,11541691,https://openalex.org/W2085566841
False,,,https://doi.org/10.1007/bf03016688,11546713,https://openalex.org/W50977444
False,,,https://doi.org/10.1007/s002280100302,11549212,https://openalex.org/W2116898303
False,,,https://doi.org/10.1097/00004850-200109000-00003,11552769,https://openalex.org/W2006456852
False,,,https://doi.org/10.1038/oby.2001.71,11557835,https://openalex.org/W2024415314
False,,,https://doi.org/10.7326/0003-4819-135-6-200109180-00011,11560455,https://openalex.org/W2153803359
False,,,https://doi.org/10.1016/s0140-6736(01)05966-9,11564483,https://openalex.org/W2098079895
False,,,https://doi.org/10.1002/gps.424,11571765,https://openalex.org/W2097140449
False,,,https://doi.org/10.1001/archpsyc.58.10.965,11576036,https://openalex.org/W2083680124
False,,,https://doi.org/10.1176/appi.ajp.158.10.1719,11579009,https://openalex.org/W2002082564
False,,,https://doi.org/10.1542/peds.108.4.883,11581440,https://openalex.org/W2063286745
False,,,https://doi.org/10.1016/s0272-7358(00)00085-4,11584516,https://openalex.org/W2032877009
False,,,https://doi.org/10.1016/s0140-6736(01)06128-1,11586978,https://openalex.org/W1992787738
False,,,,11590972,https://openalex.org/W2291231306
False,,,https://doi.org/10.1518/001872001775900878,11592671,https://openalex.org/W2117197072
False,,,https://doi.org/10.1017/s146114570100253x,11669086,https://openalex.org/W2137628013
False,,,https://doi.org/10.1097/00000539-200111000-00016,11682384,https://openalex.org/W2030925538
False,,,https://doi.org/10.1046/j.1460-9592.2001.00742.x,11696143,https://openalex.org/W2074484173
False,,,https://doi.org/10.1046/j.1460-9592.2001.00748.x,11696146,https://openalex.org/W1965302235
False,,,https://doi.org/10.2165/00023210-200115110-00005,11700151,https://openalex.org/W2021377035
False,,,https://doi.org/10.1212/wnl.57.9.1583,11706096,https://openalex.org/W1989410928
False,,,https://doi.org/10.1352/0895-8017(2001)106<0525:eoroab>2.0.co;2,11708938,https://openalex.org/W2145300678
False,,,https://doi.org/10.1097/00004850-200111000-00002,11712620,https://openalex.org/W1996970257
False,,,https://doi.org/10.1523/jneurosci.21-23-09414.2001,11717374,https://openalex.org/W2144176813
False,,,https://doi.org/10.1345/aph.10424,11724088,https://openalex.org/W2114637662
False,,,https://doi.org/10.1097/00000539-200112000-00048,11726444,https://openalex.org/W2038752218
False,,,https://doi.org/10.1097/00000539-200112000-00056,11726451,https://openalex.org/W2027845805
False,,,https://doi.org/10.1007/s004640090126,11727145,https://openalex.org/W2059447981
False,,,https://doi.org/10.2165/00003495-200161140-00014,11735643,https://openalex.org/W2059867716
False,,,https://doi.org/10.1001/archpsyc.58.12.1161,11735845,https://openalex.org/W2146506439
False,,,https://doi.org/10.1001/archpsyc.58.12.1172,11735847,https://openalex.org/W1968777066
False,,,https://doi.org/10.1002/gps.504,11748775,https://openalex.org/W1987355763
False,,,https://doi.org/10.1016/s0022-3956(01)00048-6,11755456,https://openalex.org/W2102023134
False,,,https://doi.org/10.1097/00004714-200112000-00012,11763010,https://openalex.org/W2080482632
False,,,https://doi.org/10.1016/s0149-2918(00)89080-3,11768836,https://openalex.org/W2141441326
False,,,https://doi.org/10.1016/s0149-2918(00)89086-4,11768842,https://openalex.org/W2115190836
False,,,https://doi.org/10.1177/026988110101500405,11769820,https://openalex.org/W2083724014
False,,,https://doi.org/10.1176/appi.ajp.159.1.155,11772722,https://openalex.org/W2168136389
False,,,https://doi.org/10.1097/00000539-200201000-00020,11772810,https://openalex.org/W3026225515
False,,,https://doi.org/10.1097/00008506-200201000-00001,11773815,https://openalex.org/W2006119755
False,,,https://doi.org/10.1056/nejmoa002028,11777998,https://openalex.org/W2081069399
False,,,https://doi.org/10.1001/archpsyc.59.1.62,11779284,https://openalex.org/W2090784587
False,,,https://doi.org/10.4088/jcp.v62n1214c,11780884,https://openalex.org/W1999617843
False,,,https://doi.org/10.1007/bf03020416,11782326,https://openalex.org/W130007184
True,,,https://doi.org/10.1023/a:1012239823148,11791949,https://openalex.org/W2085799036
False,,,https://doi.org/10.1345/aph.1a068,11793611,https://openalex.org/W2168030456
False,,,https://doi.org/10.1345/aph.1a099,11793630,https://openalex.org/W2121675770
False,,,https://doi.org/10.1097/00004714-200202000-00006,11799340,https://openalex.org/W2008219589
False,,,https://doi.org/10.1177/147323000102900601,11803729,https://openalex.org/W2112915464
False,,,https://doi.org/10.1017/s1461145701002590,11806864,https://openalex.org/W2112218294
False,,,https://doi.org/10.1097/00000539-200202000-00043,11812718,https://openalex.org/W2007838750
False,,,https://doi.org/10.4088/jcp.v62n1003,11816864,https://openalex.org/W2027349043
False,,,https://doi.org/10.4088/jcp.v62n1005,11816866,https://openalex.org/W2009767613
False,,,https://doi.org/10.1016/s0278-5846(01)00246-9,11817518,https://openalex.org/W77044274
False,,,https://doi.org/10.1097/00000542-200202000-00016,11818763,https://openalex.org/W2052980033
False,,,https://doi.org/10.1176/appi.ajp.159.2.180,11823257,https://openalex.org/W2115125760
False,,,https://doi.org/10.1176/appi.ajp.159.2.255,11823268,https://openalex.org/W2121612791
False,,,https://doi.org/10.1300/j069v21n01_05,11831499,https://openalex.org/W1839387700
False,,,https://doi.org/10.1177/00912700222011120,11831544,https://openalex.org/W2147600411
False,,,,11834192,https://openalex.org/W1006836439
False,,,https://doi.org/10.1093/ajhp/59.3.230,11862632,https://openalex.org/W2915378946
True,,,https://doi.org/10.1212/wnl.58.4.527,11865128,https://openalex.org/W2266471137
False,,,https://doi.org/10.4088/jcp.v63n0203,11874209,https://openalex.org/W2007416161
False,,,https://doi.org/10.1001/archpsyc.59.3.291,11879174,https://openalex.org/W2104310885
False,,,https://doi.org/10.1097/00004583-200203000-00004,11886019,https://openalex.org/W1984246160
False,,,https://doi.org/10.1016/s0022-3956(01)00060-7,11886692,https://openalex.org/W1978647001
False,,,https://doi.org/10.1097/00004850-200203000-00004,11890188,https://openalex.org/W1988730368
False,,,https://doi.org/10.1046/j.1360-0443.2002.00037.x,11895270,https://openalex.org/W2095305874
False,,,https://doi.org/10.1159/000048296,11901288,https://openalex.org/W1965346204
False,,,https://doi.org/10.1016/s0006-3223(01)01342-7,11904128,https://openalex.org/W2063097051
False,,,https://doi.org/10.1097/00004714-200204000-00004,11910256,https://openalex.org/W2053574680
False,,,https://doi.org/10.1097/00004714-200204000-00011,11910263,https://openalex.org/W2093758454
False,,,https://doi.org/10.1097/00004714-200204000-00016,11910268,https://openalex.org/W2053520601
False,,,https://doi.org/10.1034/j.1399-5618.2001.30501.x,11912568,https://openalex.org/W2063347068
False,,,https://doi.org/10.1002/gps.551,11921147,https://openalex.org/W2076623245
False,,,https://doi.org/10.1016/s0893-133x(01)00365-7,11927174,https://openalex.org/W1969071740
False,,,https://doi.org/10.1177/00912700222011382,11936571,https://openalex.org/W2060130670
False,,,https://doi.org/10.1016/s0952-8180(01)00371-3,11943529,https://openalex.org/W1970297325
False,,,https://doi.org/10.1055/s-2002-24644,11948436,https://openalex.org/W2082919302
False,,,https://doi.org/10.1177/026988110201600113,11949778,https://openalex.org/W1970298334
False,,,https://doi.org/10.1023/a:1014674018039,11958362,https://openalex.org/W2028343784
False,,,https://doi.org/10.1177/108705470100500401,11967475,https://openalex.org/W2000804661
False,,,https://doi.org/10.1345/aph.1a053,11978164,https://openalex.org/W2129997607
False,,,https://doi.org/10.1001/archpsyc.59.5.441,11982448,https://openalex.org/W2027198501
False,,,https://doi.org/10.1016/s0006-3223(01)01317-8,11983189,https://openalex.org/W2036764488
False,,,https://doi.org/10.1002/gps.599,11994888,https://openalex.org/W2058864393
False,,,https://doi.org/10.4088/jcp.v63n0412,12000209,https://openalex.org/W2054864170
False,,,https://doi.org/10.1017/s0012162201001876,12005317,https://openalex.org/W2117296940
False,,,https://doi.org/10.1097/00004714-200206000-00003,12006893,https://openalex.org/W1975087639
False,,,https://doi.org/10.1097/00004714-200206000-00007,12006897,https://openalex.org/W2023595986
False,,,https://doi.org/10.1016/s0165-1781(02)00028-8,12007591,https://openalex.org/W1987324111
False,,,https://doi.org/10.1016/s0149-2918(02)85141-4,12017410,https://openalex.org/W2030933485
False,,,https://doi.org/10.4088/jcp.v63n0506,12019665,https://openalex.org/W2009394319
False,,,https://doi.org/10.4088/jcp.v63n0508,12019667,https://openalex.org/W2032769473
False,,,https://doi.org/10.4088/jcp.v63n0509,12019668,https://openalex.org/W1987040047
False,,,,12020058,https://openalex.org/W135207046
False,,,,12026370,https://openalex.org/W4300515302
False,,,https://doi.org/10.1097/00000539-200206000-00019,12032011,https://openalex.org/W2055459899
False,,,https://doi.org/10.2165/00128072-200204060-00006,12038875,https://openalex.org/W1634436568
False,,,https://doi.org/10.1176/appi.ajp.159.6.1029,12042193,https://openalex.org/W2171149822
False,,,https://doi.org/10.1176/appi.ajp.159.6.1058,12042201,https://openalex.org/W2052699080
False,,,https://doi.org/10.1176/appi.ps.53.6.755,12045315,https://openalex.org/W2100435960
False,,,https://doi.org/10.1177/108705470200600103,12045757,https://openalex.org/W2043162170
False,,,https://doi.org/10.1023/a:1015276028425,12046640,https://openalex.org/W1966631647
False,,,https://doi.org/10.1023/a:1015228112495,12046641,https://openalex.org/W2136957299
False,,,https://doi.org/10.1093/oxfordjournals.schbul.a006925,12047021,https://openalex.org/W2134399699
False,,,https://doi.org/10.1016/s0006-3223(02)01339-2,12079730,https://openalex.org/W2030465413
False,,,https://doi.org/10.1016/s0920-9964(01)00212-2,12084413,https://openalex.org/W2000978410
False,,,https://doi.org/10.4088/jcp.v63n0609,12088164,https://openalex.org/W2005567237
False,,,https://doi.org/10.1017/s0012162201002250,12088306,https://openalex.org/W2111188301
False,,,,12090443,https://openalex.org/W51529496
False,,,https://doi.org/10.1176/appi.ajp.159.7.1146,12091192,https://openalex.org/W2128746746
False,,,https://doi.org/10.1111/j.1749-6632.2002.tb04183.x,12105117,https://openalex.org/W1519857898
True,,,https://doi.org/10.1017/s1461145702002845,12135536,https://openalex.org/W2080231392
False,,,https://doi.org/10.1034/j.1399-6576.2002.460709.x,12139535,https://openalex.org/W2087721708
True,,,https://doi.org/10.1177/108705470200600201,12142861,https://openalex.org/W2073497495
False,,,https://doi.org/10.1177/108705470200600203,12142863,https://openalex.org/W1929285963
False,,,https://doi.org/10.4088/jcp.v63n0706,12143912,https://openalex.org/W1982134688
False,,,https://doi.org/10.1056/nejmoa013171,12151468,https://openalex.org/W1968430210
False,,,https://doi.org/10.2165/00023210-200216090-00005,12153335,https://openalex.org/W1993001064
False,,,https://doi.org/10.1176/appi.ajp.159.8.1322,12153824,https://openalex.org/W2101637343
False,,,https://doi.org/10.1176/appi.ajp.159.8.1337,12153826,https://openalex.org/W2133752375
False,,,https://doi.org/10.1136/bmj.325.7358.243,12153919,https://openalex.org/W2160802754
False,,,https://doi.org/10.1542/peds.110.2.258,12165576,https://openalex.org/W2029569572
False,,,https://doi.org/10.1046/j.1526-4610.2002.02122.x,12167135,https://openalex.org/W2070011903
False,,,https://doi.org/10.1093/bja/88.6.790,12173195,https://openalex.org/W2169878395
False,,,https://doi.org/10.1034/j.1399-5618.2002.01189.x,12180276,https://openalex.org/W2029639141
False,,,https://doi.org/10.1016/s0306-4603(01)00188-5,12188588,https://openalex.org/W145449476
False,,,https://doi.org/10.1097/00000539-200209000-00039,12198064,https://openalex.org/W2061550880
False,,,,12199263,https://openalex.org/W4299901040
False,,,https://doi.org/10.1017/s0265021502000959,12200949,https://openalex.org/W2092031333
False,,,https://doi.org/10.1080/10673220216279,12202454,https://openalex.org/W1988672159
False,,,https://doi.org/10.1016/s0278-6915(02)00097-2,12204387,https://openalex.org/W2049048406
False,,,https://doi.org/10.5993/ajhb.26.5.7,12206448,https://openalex.org/W2314119296
False,,,https://doi.org/10.1016/s0924-977x(02)00042-1,12208553,https://openalex.org/W2048935910
False,,,https://doi.org/10.2165/00003495-200262130-00009,12215063,https://openalex.org/W3191454018
False,,,https://doi.org/10.1097/00004583-200209000-00014,12218435,https://openalex.org/W1980110135
False,,,https://doi.org/10.1016/s1056-4993(02)00010-x,12222083,https://openalex.org/W2138664032
False,,,https://doi.org/10.1016/s0920-9964(01)00309-7,12223251,https://openalex.org/W2168513289
False,,,https://doi.org/10.1016/s0920-9964(01)00314-0,12223254,https://openalex.org/W1984981206
False,,,,12230649,
False,,,,12230716,https://openalex.org/W4300574626
False,,,,12230782,https://openalex.org/W4302433600
False,,,https://doi.org/10.2165/00019053-200220120-00003,12236804,https://openalex.org/W1984000290
False,,,https://doi.org/10.1016/s0006-3223(02)01392-6,12242060,https://openalex.org/W2072511042
False,,,https://doi.org/10.1097/00004714-200210000-00005,12352269,https://openalex.org/W2335556316
False,,,https://doi.org/10.1177/070674370204700710,12355680,https://openalex.org/W2106493693
False,,,https://doi.org/10.1176/appi.ajp.159.10.1777,12359687,https://openalex.org/W2116042849
False,,,https://doi.org/10.1002/mds.10217,12360554,https://openalex.org/W2033871682
False,,,,12362827,https://openalex.org/W2400964927
False,,,https://doi.org/10.4088/jcp.v63n0903,12363115,https://openalex.org/W2010741426
False,,,,12378746,https://openalex.org/W4300425143
False,,,https://doi.org/10.2165/00003495-200262150-00012,12381228,https://openalex.org/W2084187081
False,,,https://doi.org/10.2165/00023210-200216110-00008,12383035,https://openalex.org/W3191110341
False,,,https://doi.org/10.1093/bja/aef222,12393356,https://openalex.org/W2098493279
False,,,https://doi.org/10.1007/s100720200032,12398067,https://openalex.org/W334913013
False,,,https://doi.org/10.1023/a:1019864813776,12403150,https://openalex.org/W1497698943
False,,,https://doi.org/10.1002/gps.722,12404659,https://openalex.org/W2060053037
False,,,https://doi.org/10.1097/00002826-200209000-00007,12410058,https://openalex.org/W1986745638
True,,,https://doi.org/10.1176/appi.ajp.159.11.1896,12411225,https://openalex.org/W2123980944
False,,,https://doi.org/10.1016/s0920-9964(02)00158-5,12413642,https://openalex.org/W2098394821
False,,,https://doi.org/10.4088/jcp.v63n1006,12416598,https://openalex.org/W2014627839
False,,,https://doi.org/10.1007/s00213-002-1235-7,12417963,https://openalex.org/W329940318
False,,,https://doi.org/10.1007/s00213-002-1250-8,12417966,https://openalex.org/W66447799
False,,,https://doi.org/10.1001/archpsyc.59.11.1021,12418935,https://openalex.org/W2051108113
False,,,https://doi.org/10.1136/bmj.325.7372.1070,12424166,https://openalex.org/W2027879784
False,,,https://doi.org/10.1007/s00213-002-1205-0,12424551,https://openalex.org/W4247532918
False,,,https://doi.org/10.1016/s0738-081x(02)00267-5,12435529,https://openalex.org/W2083925186
False,,,https://doi.org/10.4088/jcp.v63n1115,12444819,https://openalex.org/W2086266927
False,,,https://doi.org/10.1016/s0278-5846(01)00322-0,12452546,https://openalex.org/W1989726234
False,,,https://doi.org/10.1097/00004714-200212000-00016,12454566,https://openalex.org/W2322021487
False,,,https://doi.org/10.1016/s0149-2918(02)80069-8,12462294,https://openalex.org/W1997694625
False,,,https://doi.org/10.1177/0091270002042012005,12463729,https://openalex.org/W2075009263
False,,,https://doi.org/10.1016/s0893-133x(02)00375-5,12464464,https://openalex.org/W2005025328
False,,,https://doi.org/10.1016/s0750-7658(02)00704-9,12471781,https://openalex.org/W2063547155
False,,,https://doi.org/10.1053/jcan.2002.128415,12486650,https://openalex.org/W2126511338
False,,,https://doi.org/10.1093/sleep/25.8.62,12489899,https://openalex.org/W138931730
False,,,https://doi.org/10.1097/00004850-200301000-00007,12490774,https://openalex.org/W2080718548
False,,,,12496955,
False,,,https://doi.org/10.1212/01.wnl.0000037481.08283.51,12499477,https://openalex.org/W2069882113
False,,,https://doi.org/10.1177/026988110201600410,12503835,https://openalex.org/W2085969248
False,,,https://doi.org/10.1177/026988110201600412,12503837,https://openalex.org/W1984770623
False,,,https://doi.org/10.1016/s0306-4530(02)00110-5,12504069,https://openalex.org/W2127126926
False,,,https://doi.org/10.1016/s0188-4409(02)00403-4,12505103,https://openalex.org/W2105559357
False,,,https://doi.org/10.1097/00000539-200301000-00052,12505963,https://openalex.org/W2069576953
False,,,https://doi.org/10.1016/s0165-0327(02)00335-x,12507747,https://openalex.org/W2074870716
False,,,https://doi.org/10.1542/peds.111.1.97,12509561,https://openalex.org/W2058530403
False,,,https://doi.org/10.1542/peds.111.1.179,12509574,https://openalex.org/W2131627337
False,,,https://doi.org/10.2165/00023210-200317020-00001,12521356,https://openalex.org/W2122522992
False,,,https://doi.org/10.4088/jcp.v63n1208,12523873,https://openalex.org/W2016019346
True,,,https://doi.org/10.4088/jcp.v63n1209,12523874,https://openalex.org/W2016483680
False,,,https://doi.org/10.4088/jcp.v63n1210,12523875,https://openalex.org/W1996463621
False,,,https://doi.org/10.4088/jcp.v63n1211,12523876,https://openalex.org/W2025243014
False,,,https://doi.org/10.4088/jcp.v63n1212,12523877,https://openalex.org/W1968455975
False,,,,12532717,https://openalex.org/W97584777
False,,,https://doi.org/10.1097/00004714-200302000-00003,12544370,https://openalex.org/W2056838287
True,,,https://doi.org/10.1016/s0006-3223(02)01671-2,12547466,https://openalex.org/W2053295943
False,,,https://doi.org/10.1016/s0006-3223(02)01790-0,12559661,https://openalex.org/W2095416747
False,,,https://doi.org/10.1007/bf03017847,12560305,https://openalex.org/W228963100
False,,,https://doi.org/10.1176/appi.ajp.160.2.290,12562575,https://openalex.org/W2105918612
False,,,https://doi.org/10.1176/appi.ajp.160.2.297,12562576,https://openalex.org/W1983662592
False,,,https://doi.org/10.1192/bjp.182.2.141,12562742,https://openalex.org/W2179185741
False,,,https://doi.org/10.1542/pir.24-2-39,12563038,https://openalex.org/W2151460347
True,,,https://doi.org/10.1542/peds.111.2.262,12563049,https://openalex.org/W2070811057
False,,,https://doi.org/10.1161/01.str.0000050161.38263.ae,12574563,https://openalex.org/W2034711575
False,,,https://doi.org/10.1001/archpsyc.60.2.204,12578439,https://openalex.org/W1986046877
False,,,https://doi.org/10.1002/jclp.10132,12579548,https://openalex.org/W2091971788
False,,,https://doi.org/10.4088/jcp.v64n0117a,12590630,https://openalex.org/W2011711616
False,,,https://doi.org/10.1177/08830738020170121401,12593456,https://openalex.org/W2156937504
False,,,https://doi.org/10.1023/a:1021729501230,12597703,https://openalex.org/W2106367437
False,,,https://doi.org/10.1213/01.ane.0000049682.48703.44,12598277,https://openalex.org/W2081284101
False,,,https://doi.org/10.2165/00003495-200363050-00004,12600227,https://openalex.org/W2013903790
False,,,https://doi.org/10.1007/s00213-002-1344-3,12610718,https://openalex.org/W2067763161
False,,,https://doi.org/10.1176/appi.ajp.160.3.590-a,12611852,https://openalex.org/W2165847991
False,,,https://doi.org/10.1177/0091270002239827,12616671,https://openalex.org/W2163487223
False,,,https://doi.org/10.1097/01.crd.0000053453.89776.2d,12620132,https://openalex.org/W2090204159
False,,,https://doi.org/10.1002/mds.10390,12621632,https://openalex.org/W2012540611
False,,,https://doi.org/10.1038/sj.npp.1300089,12629532,https://openalex.org/W1992683185
False,,,https://doi.org/10.4088/jcp.v64n0205,12633121,https://openalex.org/W1985675058
False,,,https://doi.org/10.1097/00004714-200304000-00012,12640221,https://openalex.org/W2063070002
False,,,https://doi.org/10.1097/00004714-200304000-00017,12640225,https://openalex.org/W2312189038
False,,,,12645162,https://openalex.org/W1588986548
False,,,https://doi.org/10.1016/s0306-4530(02)00130-0,12650685,https://openalex.org/W2049924226
False,,,https://doi.org/10.1016/s0924-977x(02)00127-x,12650950,https://openalex.org/W2158954031
False,,,https://doi.org/10.1213/01.ane.0000055651.24073.59,12651665,https://openalex.org/W1993084691
False,,,https://doi.org/10.1037/0021-843x.112.1.14,12653410,https://openalex.org/W1976972165
False,,,https://doi.org/10.1046/j.1360-0443.2003.00372.x,12653813,https://openalex.org/W1993917134
False,,,https://doi.org/10.1076/ceyr.25.4.237.13484,12658557,https://openalex.org/W2104226476
False,,,https://doi.org/10.1007/bf03040274,12658913,https://openalex.org/W89642468
False,,,https://doi.org/10.1345/aph.1c291,12659615,https://openalex.org/W2120173795
False,,,,12661098,https://openalex.org/W2466230743
False,,,https://doi.org/10.1007/s00101-003-0459-1,12666001,https://openalex.org/W2415758914
False,,,https://doi.org/10.1517/14656566.4.4.533,12667116,https://openalex.org/W2125741987
False,,,https://doi.org/10.1176/appi.ajp.160.4.741,12668364,https://openalex.org/W2099549036
False,,,https://doi.org/10.1007/s00213-003-1399-9,12669177,https://openalex.org/W2150568116
False,,,https://doi.org/10.1177/0269881103017001714,12680748,https://openalex.org/W2169911167
False,,,https://doi.org/10.1212/01.wnl.0000055434.39968.67,12682319,https://openalex.org/W2033074878
False,,,https://doi.org/10.1046/j.1472-8206.2002.00110.x,12685512,https://openalex.org/W2045753938
False,,,https://doi.org/10.1352/0895-8017(2003)108<0212:rrtzea>2.0.co;2,12691600,https://openalex.org/W2124108980
False,,,https://doi.org/10.1358/dot.2003.39.2.799421,12698209,https://openalex.org/W2055595962
False,,,https://doi.org/10.1038/sj.npp.1300157,12700715,https://openalex.org/W1978251978
False,,,https://doi.org/10.1007/s00213-002-1343-4,12709775,https://openalex.org/W1542181078
False,,,https://doi.org/10.1016/s0195-668x(03)00003-4,12714026,https://openalex.org/W2100116850
False,,,https://doi.org/10.1016/s0920-9964(03)00050-1,12729864,https://openalex.org/W2033155032
False,,,https://doi.org/10.1016/s0920-9964(02)00322-5,12729866,https://openalex.org/W2087687048
False,,,https://doi.org/10.1016/s0920-9964(02)00226-8,12729882,https://openalex.org/W1995770312
False,,,https://doi.org/10.1007/s00213-003-1457-3,12734634,https://openalex.org/W2013449353
False,,,https://doi.org/10.1055/s-2003-39049,12734766,https://openalex.org/W1979347254
False,,,https://doi.org/10.1016/s0140-6736(03)13306-5,12747876,https://openalex.org/W2098132738
False,,,https://doi.org/10.1046/j.1460-9592.2003.01010.x,12753444,https://openalex.org/W2059995385
False,,,https://doi.org/10.1207/s15327752jpa8003_04,12763699,https://openalex.org/W1978851567
False,,,https://doi.org/10.2165/00128072-200305060-00005,12765489,https://openalex.org/W4241931919
False,,,https://doi.org/10.1002/gps.862,12766921,https://openalex.org/W2075039588
False,,,https://doi.org/10.1023/a:1023233630774,12774863,https://openalex.org/W2159542284
False,,,https://doi.org/10.1023/a:1023285614844,12774864,https://openalex.org/W61740737
False,,,https://doi.org/10.1176/appi.ajp.160.6.1125,12777271,https://openalex.org/W2107962758
False,,,https://doi.org/10.1176/appi.ajp.160.6.1189,12777289,https://openalex.org/W2170216666
False,,,https://doi.org/10.1016/s0960-8966(03)00030-0,12798791,https://openalex.org/W2047057465
False,,,https://doi.org/10.1016/s0735-6757(02)42249-8,12811711,https://openalex.org/W2109878299
False,,,https://doi.org/10.1097/00000542-200307000-00025,12826855,https://openalex.org/W2037762739
False,,,https://doi.org/10.1097/01.jcp.0000084026.22282.5f,12826983,https://openalex.org/W2038806808
False,,,https://doi.org/10.2165/00023210-200317090-00006,12828502,https://openalex.org/W2053595410
False,,,https://doi.org/10.1517/14656566.4.7.1165,12831341,https://openalex.org/W2101565436
False,,,https://doi.org/10.1176/appi.ajp.160.7.1263,12832240,https://openalex.org/W2121339106
False,,,https://doi.org/10.1023/a:1023228626309,12839431,https://openalex.org/W2006536406
False,,,https://doi.org/10.1080/0269905031000107179,12850953,https://openalex.org/W2006437334
False,,,https://doi.org/10.1046/j.1365-2796.2003.01185.x,12859700,https://openalex.org/W2078129420
False,,,https://doi.org/10.1001/archpsyc.60.7.681,12860772,https://openalex.org/W2114801996
True,,,https://doi.org/10.2165/00002018-200326100-00006,12862507,https://openalex.org/W2094270069
False,,,https://doi.org/10.1016/s0149-2918(03)80129-7,12867218,https://openalex.org/W2050056114
False,,,https://doi.org/10.1097/01.wco.0000084232.82329.47,12869813,https://openalex.org/W4237958916
False,,,https://doi.org/10.1046/j.1360-0443.2003.00447.x,12873248,https://openalex.org/W2045573797
False,,,https://doi.org/10.4067/s0034-98872003000500008,12879814,https://openalex.org/W2088044233
False,,,https://doi.org/10.1080/1028415031000120543,12887139,https://openalex.org/W2049378802
False,,,https://doi.org/10.1080/1028415031000120552,12887140,https://openalex.org/W1999076139
False,,,https://doi.org/10.1038/sj.npp.1300264,12888781,https://openalex.org/W2159497843
True,,,https://doi.org/10.2165/00148581-200305080-00005,12895137,https://openalex.org/W2031663376
False,,,https://doi.org/10.1176/appi.ajp.160.8.1396,12900300,https://openalex.org/W2137984107
False,,,https://doi.org/10.4065/78.8.1020,12911050,https://openalex.org/W2043339387
False,,,https://doi.org/10.1016/s0006-3223(03)00321-4,12915290,https://openalex.org/W1967674108
False,,,https://doi.org/10.1097/01.jcp.0000085405.08426.73,12920408,https://openalex.org/W1978094417
False,,,https://doi.org/10.1097/01.jcp.0000085406.08426.a8,12920409,https://openalex.org/W1973627329
False,,,,12921224,https://openalex.org/W1484546679
False,,,https://doi.org/10.1345/aph.1d050,12921516,https://openalex.org/W2154735526
False,,,https://doi.org/10.1016/s0278-5846(03)00117-9,12921918,https://openalex.org/W2081642360
False,,,https://doi.org/10.4088/jcp.v64n0807,12927004,https://openalex.org/W2031213515
False,,,https://doi.org/10.1213/01.ane.0000074795.68061.16,12933373,https://openalex.org/W2165907198
False,,,https://doi.org/10.4088/jcp.v64n0717,12934987,https://openalex.org/W2043373511
False,,,https://doi.org/10.1176/appi.ajp.160.9.1651,12944341,https://openalex.org/W2095635647
False,,,https://doi.org/10.1016/s0166-4328(03)00097-4,14529800,https://openalex.org/W2124747666
False,,,https://doi.org/10.1111/j.1547-5069.2003.00237.x,14562491,https://openalex.org/W2113540412
False,,,,14567163,https://openalex.org/W245501198
False,,,https://doi.org/10.1001/archinte.163.19.2337,14581254,https://openalex.org/W2052144884
False,,,https://doi.org/10.1016/s1389-9457(03)00108-4,14592280,https://openalex.org/W2161061887
False,,,https://doi.org/10.1001/jama.290.20.2693,14645311,https://openalex.org/W2168875379
False,,,https://doi.org/10.1016/0304-3959(94)00209-w,7478682,https://openalex.org/W1968535715
False,,,https://doi.org/10.1097/00000539-199512000-00007,7486097,https://openalex.org/W2036389238
False,,,,7491385,https://openalex.org/W2411100212
False,,,,7491391,https://openalex.org/W2416447474
False,,,https://doi.org/10.1016/0278-5846(94)90029-9,7509495,https://openalex.org/W1974306858
False,,,https://doi.org/10.1176/ajp.151.6.825,7514366,https://openalex.org/W153750880
False,,,https://doi.org/10.1111/j.1469-8749.1994.tb11811.x,7525394,https://openalex.org/W1991614460
False,,,,7525541,https://openalex.org/W144878538
False,,,https://doi.org/10.2165/00003495-199448020-00009,7527327,https://openalex.org/W2018434135
False,,,https://doi.org/10.1016/0165-1781(94)90076-0,7527565,https://openalex.org/W2042209283
False,,,https://doi.org/10.3109/10401239409148993,7528602,https://openalex.org/W2022099515
False,,,https://doi.org/10.1016/0278-5846(94)90116-3,7531355,https://openalex.org/W2067523973
False,,,https://doi.org/10.1111/j.1600-0447.1995.tb09781.x,7542829,https://openalex.org/W2062210283
False,,,https://doi.org/10.1192/bjp.166.6.712,7545060,https://openalex.org/W2146438680
False,,,https://doi.org/10.1016/s0010-440x(95)90071-3,7554870,https://openalex.org/W2167157600
False,,,https://doi.org/10.1016/s0002-9394(14)72655-8,7573299,https://openalex.org/W2029524269
False,,,https://doi.org/10.1001/archpsyc.1995.03950220087016,7575109,https://openalex.org/W2043853859
False,,,https://doi.org/10.1016/0952-8180(95)00072-p,7576677,https://openalex.org/W2012140737
False,,,https://doi.org/10.1016/0149-2918(95)80102-2,7585841,https://openalex.org/W2171153453
False,,,https://doi.org/10.1016/0149-2918(95)80105-7,7585844,https://openalex.org/W2017910418
False,,,https://doi.org/10.2190/1dhu-y7l7-9gkg-v7wv,7591493,https://openalex.org/W2100281583
False,,,https://doi.org/10.1097/00004714-199508000-00006,7593710,https://openalex.org/W2061059960
False,,,,7605757,https://openalex.org/W41354680
False,,,https://doi.org/10.1016/0006-3223(94)00365-a,7619979,https://openalex.org/W1969441502
False,,,https://doi.org/10.1542/peds.96.2.320,7630692,https://openalex.org/W1879428650
False,,,https://doi.org/10.1213/00000539-199408000-00014,7639365,https://openalex.org/W2047726171
False,,,https://doi.org/10.1007/bf01447091,7642836,https://openalex.org/W2061125164
False,,,https://doi.org/10.2190/16fh-9ect-y280-vv45,7649718,https://openalex.org/W2111338885
False,,,https://doi.org/10.1016/0952-8180(95)00005-3,7669311,https://openalex.org/W2126828774
False,,,https://doi.org/10.1093/schbul/20.4.697,7701277,https://openalex.org/W2115062087
False,,,https://doi.org/10.1016/0006-3223(94)00229-v,7718678,https://openalex.org/W2087437935
False,,,https://doi.org/10.1177/01454455950192004,7726818,https://openalex.org/W2037107705
False,,,,7727330,https://openalex.org/W48654287
False,,,https://doi.org/10.1212/wnl.45.5.865,7746398,https://openalex.org/W2139176680
False,,,https://doi.org/10.1016/0740-5472(94)00077-8,7752296,https://openalex.org/W1983146527
False,,,https://doi.org/10.1007/bf03349701,7759787,https://openalex.org/W2072238570
False,,,https://doi.org/10.1207/s15327752jpa6403_5,7760256,https://openalex.org/W2043298250
False,,,https://doi.org/10.1016/0165-1781(94)90007-8,7761553,https://openalex.org/W2010756522
False,,,https://doi.org/10.1542/peds.95.1.74,7770313,https://openalex.org/W2150855904
True,,,https://doi.org/10.1001/archpsyc.1995.03950180020004,7771913,https://openalex.org/W1989428478
False,,,https://doi.org/10.1001/archpsyc.1995.03950180030005,7771914,https://openalex.org/W2092202774
False,,,https://doi.org/10.1016/s0886-3350(13)80509-3,7791061,https://openalex.org/W2078252530
False,,,https://doi.org/10.1097/00000539-199501000-00015,7802307,https://openalex.org/W1976871454
False,,,https://doi.org/10.3109/10401239409148989,7804386,https://openalex.org/W2024858939
False,,,https://doi.org/10.1007/bf02168938,7822629,https://openalex.org/W2093911428
False,,,https://doi.org/10.1007/bf02168939,7822630,https://openalex.org/W2080149968
False,,,,7831459,https://openalex.org/W2419859983
False,,,https://doi.org/10.1007/bf01826184,7849498,https://openalex.org/W2031969814
False,,,https://doi.org/10.1016/0740-5472(94)90100-7,7869468,https://openalex.org/W2062261859
False,,,,7875111,https://openalex.org/W2412693842
False,,,https://doi.org/10.1001/archopht.1995.01100030041019,7887841,https://openalex.org/W1990487896
False,,,https://doi.org/10.1136/bjo.78.1.30,7906539,https://openalex.org/W2099866489
False,,,https://doi.org/10.1176/ajp.151.5.633,7909410,https://openalex.org/W2395016593
False,,,,7929019,https://openalex.org/W1764919821
False,,,https://doi.org/10.1007/978-3-7091-9324-2_49,7931253,https://openalex.org/W567455060
False,,,,7946257,https://openalex.org/W345987132
False,,,https://doi.org/10.1016/0006-3223(94)91225-4,7948457,https://openalex.org/W1965107636
False,,,,7949510,https://openalex.org/W2470340703
False,,,,7961550,https://openalex.org/W2419309010
False,,,,7961579,https://openalex.org/W2399069816
False,,,https://doi.org/10.1213/00000539-199412000-00016,7978435,https://openalex.org/W1996008385
False,,,https://doi.org/10.1097/00132586-199506000-00032,7978436,https://openalex.org/W2017904992
False,,,https://doi.org/10.1213/00000539-199412000-00018,7978437,https://openalex.org/W2095923220
False,,,https://doi.org/10.1213/00000539-199412000-00019,7978438,https://openalex.org/W2120390261
False,,,,7979074,https://openalex.org/W1544197342
False,,,https://doi.org/10.1177/01454455940184005,7980374,https://openalex.org/W2068573868
False,,,https://doi.org/10.1016/0920-9964(94)90094-9,7986770,https://openalex.org/W1997542359
False,,,https://doi.org/10.1097/00000542-199412000-00007,7992901,https://openalex.org/W2056145572
False,,,https://doi.org/10.1192/bjp.165.3.370,7994508,https://openalex.org/W2029964069
False,,,https://doi.org/10.1176/ajp.151.7.1069,8010365,https://openalex.org/W2417756824
False,,,https://doi.org/10.1002/j.1552-4604.1994.tb03996.x,8021335,https://openalex.org/W2095388594
False,,,https://doi.org/10.1159/000119074,8022532,https://openalex.org/W1963930095
False,,,https://doi.org/10.1097/00004714-199406000-00004,8027413,https://openalex.org/W1981654934
False,,,https://doi.org/10.1177/070674379403900321,8033025,https://openalex.org/W2411708760
False,,,https://doi.org/10.1037//0021-843x.103.2.206,8040490,https://openalex.org/W2060834407
False,,,https://doi.org/10.1097/00002030-199402000-00010,8043227,https://openalex.org/W2035115682
False,,,https://doi.org/10.1016/0920-9964(94)90068-x,8043521,https://openalex.org/W2050307875
False,,,https://doi.org/10.1001/archpedi.1994.02170080089017,8044265,https://openalex.org/W2119599154
False,,,,8071267,https://openalex.org/W2411745436
False,,,,8079014,https://openalex.org/W2403509593
False,,,https://doi.org/10.1097/00000542-199409000-00011,8092504,https://openalex.org/W1966634098
False,,,https://doi.org/10.1007/bf00916447,8126317,https://openalex.org/W2084661951
False,,,https://doi.org/10.1093/bja/72.3.258,8130041,https://openalex.org/W2050318078
False,,,https://doi.org/10.1176/appi.ps.51.10.1249,8132186,https://openalex.org/W2142067243
False,,,https://doi.org/10.1093/jpepsy/18.6.717,8138866,https://openalex.org/W2148787938
False,,,https://doi.org/10.1212/wnl.44.4.657,8164820,https://openalex.org/W1965775561
False,,,https://doi.org/10.1901/jaba.1994.27-101,8188554,https://openalex.org/W2138051516
False,,,https://doi.org/10.1177/106002809402800311,8193426,https://openalex.org/W2116705982
False,,,,8205301,https://openalex.org/W2429410139
False,,,https://doi.org/10.1001/archpedi.1993.02160360055018,8249952,https://openalex.org/W1966096074
False,,,https://doi.org/10.1093/bja/71.5.661,8251275,https://openalex.org/W2134120552
False,,,https://doi.org/10.1093/bja/71.5.665,8251276,https://openalex.org/W2152243448
False,,,https://doi.org/10.1177/106002809302701016,8251696,https://openalex.org/W2271761770
False,,,https://doi.org/10.1016/0920-9964(93)90061-m,8260445,https://openalex.org/W2080351188
False,,,https://doi.org/10.1016/0301-0511(93)90015-z,8260563,https://openalex.org/W1999831044
False,,,https://doi.org/10.1097/00000542-199312000-00001,8267190,https://openalex.org/W2074077348
False,,,https://doi.org/10.1200/jco.1994.12.1.155,8270972,https://openalex.org/W1932045453
False,,,https://doi.org/10.1212/wnl.44.1.34,8290087,https://openalex.org/W2036517832
False,,,https://doi.org/10.1212/wnl.44.1.70,8290095,https://openalex.org/W2146359394
False,,,https://doi.org/10.1016/0740-5472(93)90056-8,8308937,https://openalex.org/W2075390889
False,,,https://doi.org/10.1016/s0022-5347(17)35034-6,8308973,https://openalex.org/W149320854
False,,,https://doi.org/10.1111/j.1469-8986.1995.tb01231.x,8524989,https://openalex.org/W2039919784
False,,,,8529164,https://openalex.org/W2341442132
False,,,,8560050,https://openalex.org/W2122171102
False,,,https://doi.org/10.1097/00000539-199602000-00008,8561324,https://openalex.org/W2015741539
False,,,,8565000,https://openalex.org/W158527622
False,,,https://doi.org/10.1176/ajp.153.3.417,8610833,https://openalex.org/W1590531348
False,,,https://doi.org/10.1001/archpsyc.1996.01830050073012,8624187,https://openalex.org/W2167367466
False,,,https://doi.org/10.1097/00003246-199603000-00009,8625628,https://openalex.org/W2058298351
False,,,https://doi.org/10.1176/ajp.153.6.817,8633697,https://openalex.org/W2465558187
False,,,https://doi.org/10.1093/bja/75.6.734,8672322,https://openalex.org/W2099472290
False,,,https://doi.org/10.1007/s001010050245,8678284,https://openalex.org/W2017683582
False,,,https://doi.org/10.1093/bja/76.6.872,8679366,https://openalex.org/W2168835823
False,,,https://doi.org/10.1093/schbul/22.1.15,8685657,https://openalex.org/W2014659268
False,,,https://doi.org/10.1002/ana.410400116,8687199,https://openalex.org/W2077868413
False,,,https://doi.org/10.1097/00004714-199604000-00008,8690831,https://openalex.org/W1821730900
False,,,https://doi.org/10.1001/archopht.1996.01100140146006,8694728,https://openalex.org/W1977459700
False,,,https://doi.org/10.1016/0952-8180(96)00033-5,8695127,https://openalex.org/W1997750823
False,,,https://doi.org/10.1097/00000542-199608000-00013,8712447,https://openalex.org/W2008988249
False,,,https://doi.org/10.1097/00004583-199603000-00017,8714324,https://openalex.org/W2004241108
False,,,,8719690,https://openalex.org/W1613335745
False,,,https://doi.org/10.1177/030006059602400309,8725991,https://openalex.org/W1921760074
False,,,https://doi.org/10.1046/j.1365-2125.1996.03202.x,8730971,https://openalex.org/W2001370579
False,,,https://doi.org/10.1016/0304-3959(95)00119-0,8740612,https://openalex.org/W2025923561
False,,,https://doi.org/10.1007/bf01441483,8743243,https://openalex.org/W1979285497
False,,,https://doi.org/10.1093/schbul/21.4.593,8749887,https://openalex.org/W2086362482
False,,,,8768938,https://openalex.org/W64519668
False,,,https://doi.org/10.1016/0893-133x(95)00069-p,8822534,https://openalex.org/W122505910
False,,,https://doi.org/10.1016/0893-133x(95)00077-q,8822535,https://openalex.org/W2036466635
False,,,https://doi.org/10.1111/j.1365-3016.1996.tb00050.x,8822770,https://openalex.org/W1996884560
False,,,https://doi.org/10.1097/00004714-199510000-00009,8830068,https://openalex.org/W2079096576
False,,,https://doi.org/10.1097/00000539-199610000-00018,8831317,https://openalex.org/W2136585568
False,,,https://doi.org/10.1097/00004714-199602000-00007,8834417,https://openalex.org/W1977725618
False,,,https://doi.org/10.1111/j.1399-6576.1996.tb04522.x,8836273,https://openalex.org/W1995385744
False,,,https://doi.org/10.1007/bf02246413,8853219,https://openalex.org/W2319669849
False,,,https://doi.org/10.1046/j.1365-2125.1996.39817.x,8864326,https://openalex.org/W2066278843
False,,,https://doi.org/10.1016/0924-977x(95)00055-t,8866934,https://openalex.org/W1976328405
False,,,https://doi.org/10.1038/ki.1996.398,8872973,https://openalex.org/W2063498586
False,,,https://doi.org/10.1097/00000542-199610000-00004,8873539,https://openalex.org/W2036088088
False,,,https://doi.org/10.1177/01454455960204004,8875814,https://openalex.org/W2104762264
False,,,https://doi.org/10.1542/peds.98.4.748,8885956,https://openalex.org/W1521375496
False,,,https://doi.org/10.1097/00000539-199611000-00025,8895283,https://openalex.org/W2145688032
False,,,,8916595,https://openalex.org/W1588106727
False,,,https://doi.org/10.1901/jaba.1996.29-305,8926223,https://openalex.org/W2150827246
False,,,,8927677,https://openalex.org/W72468019
False,,,https://doi.org/10.1007/bf02245617,8935812,https://openalex.org/W2070735132
False,,,https://doi.org/10.1007/bf02245619,8935814,https://openalex.org/W2023702380
False,,,https://doi.org/10.1007/bf02245620,8935815,https://openalex.org/W2027294868
False,,,https://doi.org/10.1093/schbul/22.4.591,8938913,https://openalex.org/W2137941062
False,,,https://doi.org/10.1007/bf01670104,8956088,https://openalex.org/W1982871192
False,,,https://doi.org/10.1001/archpsyc.1996.01830120020005,8956674,https://openalex.org/W2125778283
False,,,https://doi.org/10.1046/j.1365-2346.1996.d01-412.x,8958487,https://openalex.org/W1980966948
False,,,https://doi.org/10.1097/00004714-199612000-00015,8959478,https://openalex.org/W2070635185
False,,,,8965185,https://openalex.org/W2158708557
False,,,https://doi.org/10.1207/s15327655jchn1304_1,8973026,https://openalex.org/W1992963936
False,,,,8984849,https://openalex.org/W96402930
False,,,https://doi.org/10.1016/0006-3223(95)00674-5,8988795,https://openalex.org/W1984700172
False,,,,8993091,https://openalex.org/W141608893
False,,,https://doi.org/10.1016/0924-977x(95)80001-i,8998394,https://openalex.org/W1966116421
True,,,,9003849,
False,,,https://doi.org/10.1097/00004714-199702000-00009,9004057,https://openalex.org/W2331532161
False,,,https://doi.org/10.1016/s0278-5846(96)00130-3,9004341,https://openalex.org/W2093610601
False,,,https://doi.org/10.4088/jcp.v57n1205,9010121,https://openalex.org/W2007067196
False,,,https://doi.org/10.1016/s0028-3932(96)00070-x,9025120,https://openalex.org/W2077812227
False,,,https://doi.org/10.1016/s0003-9993(97)90266-5,9041905,https://openalex.org/W1986102881
False,,,,9044395,
False,,,https://doi.org/10.1097/00000539-199703000-00028,9052312,https://openalex.org/W2108744789
False,,,,9054253,https://openalex.org/W4301810886
False,,,https://doi.org/10.1016/s0006-3223(96)00115-1,9066993,https://openalex.org/W2054824302
False,,,https://doi.org/10.1007/bf03015363,9067044,https://openalex.org/W2141362232
False,,,https://doi.org/10.1016/s0952-8180(97)00239-0,9075040,https://openalex.org/W1975463327
False,,,,9083608,https://openalex.org/W2567998155
False,,,https://doi.org/10.1046/j.1365-2346.1997.00103.x,9088819,https://openalex.org/W2134575092
False,,,https://doi.org/10.1176/ajp.154.4.457,9090331,https://openalex.org/W1787454655
False,,,https://doi.org/10.1016/s0161-6420(95)30869-x,9097768,https://openalex.org/W1511853499
False,,,https://doi.org/10.1177/026988119701100116,9097896,https://openalex.org/W2089315440
False,,,https://doi.org/10.4088/jcp.v58n0304,9108812,https://openalex.org/W2039239004
False,,,https://doi.org/10.1212/wnl.48.4.1077,9109903,https://openalex.org/W2123417347
False,,,https://doi.org/10.1016/s0893-133x(96)00195-9,9138438,https://openalex.org/W2042605422
False,,,https://doi.org/10.1017/s1041610297003645,9154590,https://openalex.org/W2128338776
False,,,https://doi.org/10.1901/jaba.1997.30-121,9157096,https://openalex.org/W2169137198
False,,,https://doi.org/10.1016/s0167-8760(97)00746-0,9161888,https://openalex.org/W2085324728
False,,,,9165565,https://openalex.org/W1963115875
False,,,https://doi.org/10.1016/s0924-977x(96)00392-6,9169300,https://openalex.org/W2022528197
False,,,https://doi.org/10.1097/00004714-199706000-00010,9169965,https://openalex.org/W2329387641
False,,,https://doi.org/10.4088/jcp.v58n0505,9184614,https://openalex.org/W1993668511
False,,,https://doi.org/10.1001/archpsyc.1997.01830180067009,9193196,https://openalex.org/W2019879674
False,,,https://doi.org/10.1001/archneur.1997.00550180049011,9193208,https://openalex.org/W2065382947
False,,,https://doi.org/10.1016/s0193-953x(05)70321-x,9196923,https://openalex.org/W2095565048
False,,,https://doi.org/10.1007/s002130050289,9203234,https://openalex.org/W2064015424
False,,,https://doi.org/10.1016/s0006-3223(96)00298-3,9209730,https://openalex.org/W2085719837
False,,,https://doi.org/10.1001/jama.278.2.144,9214531,https://openalex.org/W2042931973
False,,,https://doi.org/10.1097/00004850-199703000-00006,9219046,https://openalex.org/W2038739154
False,,,https://doi.org/10.1097/00004850-199703000-00007,9219047,https://openalex.org/W2030688706
False,,,https://doi.org/10.1097/00003246-199707000-00015,9233740,https://openalex.org/W2068502888
False,,,https://doi.org/10.1097/00004714-199708000-00004,9241004,https://openalex.org/W2040316052
False,,,https://doi.org/10.1097/00004714-199708000-00010,9241010,https://openalex.org/W2331170524
False,,,https://doi.org/10.1097/00004714-199708000-00012,9241012,https://openalex.org/W2044222093
False,,,https://doi.org/10.1002/j.1552-4604.1997.tb04342.x,9243353,https://openalex.org/W1980456506
False,,,https://doi.org/10.1097/00004850-199705000-00001,9248867,https://openalex.org/W1988897630
False,,,https://doi.org/10.1007/bf00566671,9257090,https://openalex.org/W1976957375
False,,,https://doi.org/10.1017/s1355617797003597,9260445,https://openalex.org/W2158629929
False,,,,9265916,https://openalex.org/W149137007
False,,,https://doi.org/10.1212/wnl.49.2.444,9270575,https://openalex.org/W2007702485
False,,,https://doi.org/10.1016/s0006-3223(97)00190-x,9270900,https://openalex.org/W2060802427
False,,,https://doi.org/10.1001/archpsyc.1997.01830200094013,9283512,https://openalex.org/W2081525292
False,,,https://doi.org/10.1016/s0006-3223(96)00429-5,9285079,https://openalex.org/W2059699110
False,,,https://doi.org/10.1176/ajp.154.9.1248,9286184,https://openalex.org/W1847831565
False,,,https://doi.org/10.1097/00000542-199708000-00015,9286892,https://openalex.org/W2003359037
False,,,,9293649,https://openalex.org/W2410186728
False,,,https://doi.org/10.1001/archpsyc.1997.01830210105014,9294377,https://openalex.org/W2158377281
False,,,https://doi.org/10.1001/archpsyc.1997.01830210113015,9294378,https://openalex.org/W2157719972
False,,,https://doi.org/10.1056/nejm199709183371202,9295240,https://openalex.org/W2329708303
False,,,https://doi.org/10.1023/a:1025760302598,9304445,https://openalex.org/W1574054177
False,,,https://doi.org/10.2165/00002018-199717030-00001,9306050,https://openalex.org/W2021434149
False,,,https://doi.org/10.1097/00004714-199710000-00003,9315985,https://openalex.org/W2094648320
False,,,https://doi.org/10.1097/00004714-199710000-00010,9315992,https://openalex.org/W1983133139
False,,,https://doi.org/10.1016/s0006-3223(96)00546-x,9325559,https://openalex.org/W1972253384
False,,,https://doi.org/10.1007/s002130050371,9335081,https://openalex.org/W1971636180
False,,,https://doi.org/10.1056/nejm199710233371703,9337378,https://openalex.org/W2317321545
False,,,https://doi.org/10.1111/j.1600-0447.1997.tb10162.x,9350955,https://openalex.org/W2119369900
False,,,https://doi.org/10.1097/00000542-199710000-00011,9357879,https://openalex.org/W2038368560
False,,,https://doi.org/10.1136/adc.77.3.214,9370898,https://openalex.org/W2001909054
False,,,https://doi.org/10.1016/s0920-9964(97)00036-4,9376336,https://openalex.org/W2038901045
False,,,https://doi.org/10.3109/10673229509017144,9384909,https://openalex.org/W1968778095
False,,,https://doi.org/10.3109/10673229509017146,9384911,https://openalex.org/W2027867156
False,,,https://doi.org/10.1001/archpsyc.1997.01830240023003,9400342,https://openalex.org/W2139910250
False,,,https://doi.org/10.1097/00004714-199712000-00008,9408812,https://openalex.org/W2091487897
False,,,https://doi.org/10.1097/00000539-199801000-00011,9428851,https://openalex.org/W1993204674
False,,,https://doi.org/10.1097/00002060-199711000-00002,9431261,https://openalex.org/W2322532448
True,,,https://doi.org/10.1016/s0022-3476(97)70308-1,9432523,https://openalex.org/W2146994054
False,,,,9433359,
False,,,https://doi.org/10.1901/jaba.1997.30-615,9433787,https://openalex.org/W2111715638
False,,,https://doi.org/10.1901/jaba.1997.30-627,9433788,https://openalex.org/W2134640123
False,,,https://doi.org/10.2165/00003088-199733060-00004,9435993,https://openalex.org/W2034821383
False,,,https://doi.org/10.1016/s0006-3223(97)00257-6,9442340,https://openalex.org/W2057484071
False,,,https://doi.org/10.1097/00000542-199801000-00018,9447863,https://openalex.org/W1990679215
False,,,https://doi.org/10.4088/jcp.v58n1204,9448656,https://openalex.org/W2008979600
False,,,https://doi.org/10.4088/jcp.v58n1205,9448657,https://openalex.org/W2077138902
False,,,https://doi.org/10.1002/ana.410430115,9450772,https://openalex.org/W2073960829
False,,,https://doi.org/10.1023/a:1022637815797,9468109,https://openalex.org/W29428084
False,,,https://doi.org/10.1056/nejm199802263380907,9475768,https://openalex.org/W2328373544
False,,,https://doi.org/10.1016/s0165-1781(97)00123-6,9481807,https://openalex.org/W2030034545
False,,,https://doi.org/10.1136/bjo.81.12.1070,9497467,https://openalex.org/W1975916626
False,,,https://doi.org/10.1055/s-2007-995132,9498885,https://openalex.org/W2010021877
False,,,https://doi.org/10.1007/bf01273320,9503259,https://openalex.org/W2081262939
False,,,https://doi.org/10.1002/j.1552-4604.1997.tb04272.x,9505989,https://openalex.org/W2136820997
False,,,https://doi.org/10.2165/00002512-199812020-00004,9509290,https://openalex.org/W2086075809
False,,,https://doi.org/10.1023/a:1022352326334,9511946,https://openalex.org/W2034113667
False,,,https://doi.org/10.1192/bjp.171.6.569,9519099,https://openalex.org/W2166158209
False,,,https://doi.org/10.1016/s0149-2918(98)80034-9,9522104,https://openalex.org/W1999564923
False,,,https://doi.org/10.1016/s0378-5122(97)00073-x,9522320,https://openalex.org/W2067912704
False,,,https://doi.org/10.1097/00000542-199803000-00015,9523808,https://openalex.org/W1988716346
False,,,https://doi.org/10.1176/ajp.155.4.499,9545995,https://openalex.org/W2040559929
False,,,https://doi.org/10.1001/jama.279.14.1100,9546570,https://openalex.org/W2140513029
False,,,https://doi.org/10.1002/j.1552-4604.1998.tb04425.x,9549666,https://openalex.org/W1994466998
False,,,https://doi.org/10.1097/00004714-199804000-00002,9555595,https://openalex.org/W1993833790
False,,,https://doi.org/10.1097/00004714-199804000-00003,9555596,https://openalex.org/W2024115155
False,,,https://doi.org/10.1097/00004714-199804000-00013,9555605,https://openalex.org/W2323303489
False,,,https://doi.org/10.1097/00004714-199804000-00015,9555606,https://openalex.org/W2335273090
False,,,,9555778,https://openalex.org/W4302570971
False,,,,9564198,https://openalex.org/W166008495
False,,,,9564199,https://openalex.org/W92757306
False,,,https://doi.org/10.1097/00001199-199806000-00007,9582180,https://openalex.org/W2020375162
False,,,https://doi.org/10.1176/ajp.155.5.693,9585725,https://openalex.org/W2079590493
False,,,https://doi.org/10.1016/s0920-9964(97)00151-5,9589514,https://openalex.org/W2034194523
False,,,https://doi.org/10.1111/j.1600-0420.1997.tb00454.x,9589713,https://openalex.org/W1993878276
False,,,https://doi.org/10.1016/s0165-0327(98)00002-0,9609675,https://openalex.org/W2002989575
False,,,https://doi.org/10.1016/s0006-3223(98)00093-6,9611669,https://openalex.org/W2087695137
False,,,https://doi.org/10.1023/a:1026194411452,9622044,https://openalex.org/W1997403811
False,,,https://doi.org/10.1590/s0004-282x1997000400014,9629412,https://openalex.org/W2015797329
False,,,https://doi.org/10.1007/s002130050603,9630000,https://openalex.org/W2088612615
False,,,https://doi.org/10.1016/s0920-9964(98)00003-6,9633833,https://openalex.org/W2028194451
False,,,https://doi.org/10.1176/ajp.155.7.914,9659857,https://openalex.org/W2062451323
False,,,https://doi.org/10.1097/00000539-199807000-00023,9661556,https://openalex.org/W2053928110
False,,,https://doi.org/10.1097/00000539-199807000-00034,9661567,https://openalex.org/W2085393224
False,,,https://doi.org/10.1097/00000539-199807000-00035,9661568,https://openalex.org/W2001915544
False,,,https://doi.org/10.1016/s0149-2918(98)80060-x,9663366,https://openalex.org/W2024862901
False,,,,9664766,https://openalex.org/W80139857
False,,,https://doi.org/10.1200/jco.1998.16.7.2522,9667273,https://openalex.org/W1896466592
False,,,https://doi.org/10.4088/jcp.v59n0605,9671342,https://openalex.org/W2017312379
False,,,https://doi.org/10.1001/archpsyc.55.7.633,9672054,https://openalex.org/W2118648637
False,,,https://doi.org/10.1177/112067219800800203,9673473,https://openalex.org/W4302400554
False,,,https://doi.org/10.1542/peds.102.s3.497,9685452,https://openalex.org/W2106031705
False,,,https://doi.org/10.1016/s0920-9964(98)00040-1,9690334,https://openalex.org/W1705397834
False,,,https://doi.org/10.1097/00004714-199808000-00009,9690695,https://openalex.org/W1988730265
False,,,https://doi.org/10.1097/00004714-199808000-00023,9690708,https://openalex.org/W2315546184
False,,,https://doi.org/10.1023/a:1022698232481,9700516,https://openalex.org/W2183256165
False,,,https://doi.org/10.1023/a:1022602400621,9700518,https://openalex.org/W1514128735
False,,,https://doi.org/10.1023/a:1022606501530,9700520,https://openalex.org/W1564761171
False,,,,9718222,https://openalex.org/W2119648721
False,,,https://doi.org/10.1097/00000539-199809000-00018,9728835,https://openalex.org/W4229575174
False,,,https://doi.org/10.1089/cap.1998.8.125,9730078,https://openalex.org/W2011634732
False,,,https://doi.org/10.1007/s001010050597,9740930,https://openalex.org/W2087523115
False,,,https://doi.org/10.1176/ajp.155.10.1325,9766762,https://openalex.org/W1977634040
False,,,https://doi.org/10.1016/s0091-3057(98)00127-0,9768566,https://openalex.org/W2068595430
False,,,https://doi.org/10.1093/bja/80.6.733,9771298,https://openalex.org/W2102088080
False,,,https://doi.org/10.1111/j.1399-6576.1998.tb05349.x,9773134,https://openalex.org/W2091953821
False,,,https://doi.org/10.1016/s0893-133x(98)00039-6,9778664,https://openalex.org/W2049260133
False,,,https://doi.org/10.1136/emj.15.5.322,9785160,https://openalex.org/W2031713060
False,,,https://doi.org/10.1207/s15374424jccp2703_10,9789193,https://openalex.org/W2011733149
False,,,https://doi.org/10.1016/s0920-9964(98)00067-x,9789907,https://openalex.org/W13745184
False,,,https://doi.org/10.1177/112067219800800309,9793771,https://openalex.org/W2432031385
False,,,,9796240,https://openalex.org/W47291293
False,,,https://doi.org/10.1016/s0735-1097(98)00406-9,9809953,https://openalex.org/W2139653014
False,,,https://doi.org/10.1093/bja/81.2.145,9813512,https://openalex.org/W2010447217
False,,,https://doi.org/10.1177/002221949803100603,9813951,https://openalex.org/W2112640823
False,,,https://doi.org/10.1177/002221949803100607,9813955,https://openalex.org/W2094400021
False,,,https://doi.org/10.1177/002221949803100609,9813957,https://openalex.org/W2043314097
False,,,https://doi.org/10.1177/002221949803100610,9813958,https://openalex.org/W1967153793
False,,,https://doi.org/10.1177/002221949803100611,9813959,https://openalex.org/W2090924057
False,,,https://doi.org/10.1016/s0886-3350(98)80172-7,9818340,https://openalex.org/W2017108058
False,,,https://doi.org/10.4088/jcp.v59n1005,9818633,https://openalex.org/W2048066278
False,,,https://doi.org/10.1016/s0920-9964(98)00087-5,9824875,https://openalex.org/W2089528901
False,,,https://doi.org/10.2165/00002018-199819050-00002,9825948,https://openalex.org/W2115624781
False,,,https://doi.org/10.1159/000028705,9838263,https://openalex.org/W2092243419
False,,,https://doi.org/10.1097/00000539-199812000-00023,9842823,https://openalex.org/W2005427161
False,,,,9857806,
False,,,https://doi.org/10.1007/s001150050368,9859115,https://openalex.org/W2027788983
False,,,https://doi.org/10.1007/s002130050755,9860108,https://openalex.org/W2061276728
False,,,https://doi.org/10.1007/s002280050527,9860152,https://openalex.org/W2073975093
False,,,,9865219,https://openalex.org/W300180921
False,,,,9874861,https://openalex.org/W2436828383
False,,,https://doi.org/10.1097/00001756-199812010-00024,9875725,https://openalex.org/W1997058647
False,,,https://doi.org/10.1016/s0031-3955(05)70063-8,9884676,https://openalex.org/W2069518018
False,,,https://doi.org/10.1016/s0031-3955(05)70064-x,9884677,https://openalex.org/W1501686051
False,,,https://doi.org/10.1016/s0031-3955(05)70070-5,9884683,https://openalex.org/W1520140903
False,,,https://doi.org/10.1176/ajp.156.1.79,9892301,https://openalex.org/W1971880978
False,,,https://doi.org/10.1176/ajp.156.1.145,9892314,https://openalex.org/W2072365144
False,,,https://doi.org/10.1016/s0010-440x(99)90076-7,9924877,https://openalex.org/W2058947119
False,,,https://doi.org/10.1016/s0924-977x(97)00093-x,9928923,https://openalex.org/W2014489054
False,,,https://doi.org/10.1097/00004714-199902000-00011,9934944,https://openalex.org/W2015837785
False,,,https://doi.org/10.1097/00000542-199902000-00015,9952147,https://openalex.org/W2033537367
False,,,https://doi.org/10.1177/00912709922007534,9987698,https://openalex.org/W2102196985
False,,,https://doi.org/10.1016/s0920-9964(98)00105-4,9988841,https://openalex.org/W2109481947
False,,,https://doi.org/10.1176/ajp.156.2.294,9989566,https://openalex.org/W1821837697
